sku,location,abc_class,xyz_class,segment,avg_demand,std_demand,service_target,current_ss,rec_ss,ss_delta_units,current_ss_chf,rec_ss_chf,ss_delta_chf,doh_current,doh_rec,ss_status,recommendation
SKU_B03,Store_Central,A,Y,A/Y,83.91452991452991,35.072713880836965,0.95,74.0,53.0,-21.0,185.0,132.5,-52.5,6.172947647178653,4.421165206763089,Over-buffered,Review SS â€” potential excess
SKU_A01,Store_North,A,X,A/X,229.21138211382114,40.15847712602697,0.95,115.0,85.0,-30.0,143.75,106.25,-37.5,3.5120419962402014,2.595857127655801,Over-buffered,Review SS â€” potential excess
SKU_C02,Store_Central,A,Y,A/Y,23.566666666666666,17.13414394969556,0.95,28.0,24.0,-4.0,229.59999999999997,196.79999999999998,-32.79999999999998,8.316831683168317,7.12871287128713,Over-buffered,Review SS â€” potential excess
SKU_B04,Store_South,A,Y,A/Y,61.957264957264954,28.989061645449027,0.95,67.0,50.0,-17.0,127.3,95.0,-32.3,7.56973375638019,5.649055042074769,Over-buffered,Review SS â€” potential excess
SKU_B06,Store_East,A,Y,A/Y,45.36585365853659,17.46321024543154,0.95,50.0,40.0,-10.0,160.0,128.0,-32.0,7.71505376344086,6.172043010752688,Over-buffered,Review SS â€” potential excess
SKU_B16,Store_North,A,Y,A/Y,33.90243902439025,15.229632345143239,0.95,33.0,26.0,-7.0,125.39999999999999,98.8,-26.599999999999994,6.8136690647482006,5.368345323741007,Over-buffered,Review SS â€” potential excess
SKU_A12,Store_East,A,X,A/X,87.47863247863248,23.103112710916335,0.95,73.0,61.0,-12.0,160.60000000000002,134.20000000000002,-26.400000000000006,5.84142647777235,4.881191988275525,Over-buffered,Review SS â€” potential excess
SKU_A11,Store_North,A,X,A/X,143.67521367521368,35.96409155483563,0.95,82.0,68.0,-14.0,147.6,122.4,-25.19999999999999,3.9951219512195117,3.313027959547888,Over-buffered,Review SS â€” potential excess
SKU_B04,Store_North,A,Y,A/Y,70.63247863247864,27.474805332238752,0.95,61.0,48.0,-13.0,115.89999999999999,91.19999999999999,-24.700000000000003,6.045377541142304,4.757018393030009,Over-buffered,Review SS â€” potential excess
SKU_C07,Store_East,A,Z,A/Z,8.716666666666667,7.733243533961384,0.95,18.0,16.0,-2.0,216.0,192.0,-24.0,14.455066921606118,12.848948374760994,Over-buffered,Review SS â€” potential excess
SKU_C07,Store_North,A,Z,A/Z,13.266666666666667,13.718438524684782,0.95,25.0,23.0,-2.0,300.0,276.0,-24.0,13.190954773869345,12.135678391959798,Over-buffered,Review SS â€” potential excess
SKU_A01,Store_Central,A,X,A/X,259.6178861788618,50.48843066786803,0.95,111.0,93.0,-18.0,138.75,116.25,-22.5,2.9928600507312186,2.507531393855886,Over-buffered,Review SS â€” potential excess
SKU_A15,Store_South,A,X,A/X,86.7479674796748,17.21249002736187,0.95,44.0,35.0,-9.0,110.0,87.5,-22.5,3.5505154639175256,2.82427366447985,Over-buffered,Review SS â€” potential excess
SKU_A11,Store_South,A,X,A/X,116.05128205128206,28.413264674575075,0.95,66.0,54.0,-12.0,118.8,97.2,-21.599999999999994,3.9809986743261154,3.257180733539549,Over-buffered,Review SS â€” potential excess
SKU_A03,Store_Central,A,X,A/X,182.6829268292683,41.1778449139689,0.95,82.0,72.0,-10.0,172.20000000000002,151.20000000000002,-21.0,3.142056074766355,2.7588785046728974,Over-buffered,Review SS â€” potential excess
SKU_A03,Store_North,A,X,A/X,166.89430894308944,37.81766546563138,0.95,84.0,74.0,-10.0,176.4,155.4,-21.0,3.523187840997661,3.1037607170693686,Over-buffered,Review SS â€” potential excess
SKU_A03,Store_South,A,X,A/X,130.5609756097561,26.478138349028608,0.95,63.0,53.0,-10.0,132.3,111.30000000000001,-21.0,3.377732112833925,2.8415841584158414,Over-buffered,Review SS â€” potential excess
SKU_A15,Store_East,A,X,A/X,72.96747967479675,14.287372877098914,0.95,52.0,44.0,-8.0,130.0,110.0,-20.0,4.988523676880223,4.221058495821727,Over-buffered,Review SS â€” potential excess
SKU_A11,Store_West,A,X,A/X,78.56410256410257,19.49770296152358,0.95,83.0,72.0,-11.0,149.4,129.6,-19.80000000000001,7.3952349869451695,6.415143603133159,Over-buffered,Review SS â€” potential excess
SKU_A03,Store_East,A,X,A/X,110.82113821138212,23.52996101507908,0.95,79.0,70.0,-9.0,165.9,147.0,-18.900000000000006,4.990022742278629,4.4215391387278995,Over-buffered,Review SS â€” potential excess
SKU_A07,Store_South,A,X,A/X,144.609756097561,27.81578020469309,0.95,69.0,57.0,-12.0,103.5,85.5,-18.0,3.340023612750885,2.759149940968123,Over-buffered,Review SS â€” potential excess
SKU_A09,Store_North,A,X,A/X,181.04273504273505,48.024814305739255,0.95,104.0,90.0,-14.0,124.8,108.0,-16.799999999999997,4.0211500330469265,3.479841374752148,Over-buffered,Review SS â€” potential excess
SKU_B10,Store_North,A,X,A/X,50.266666666666666,19.69464112109913,0.95,38.0,34.0,-4.0,159.6,142.8,-16.799999999999983,5.291777188328913,4.73474801061008,Over-buffered,Review SS â€” potential excess
SKU_A05,Store_Central,A,X,A/X,276.7154471544715,35.56547159135529,0.95,97.0,82.0,-15.0,106.7,90.2,-16.5,2.4537842284639795,2.0743330591138798,Over-buffered,Review SS â€” potential excess
SKU_A11,Store_East,A,X,A/X,102.44444444444444,25.316946266899993,0.95,78.0,69.0,-9.0,140.4,124.2,-16.200000000000003,5.329718004338395,4.714750542299349,Over-buffered,Review SS â€” potential excess
SKU_A05,Store_North,A,X,A/X,253.7560975609756,32.99478684208628,0.95,95.0,81.0,-14.0,104.50000000000001,89.10000000000001,-15.400000000000006,2.6206266820453674,2.2344290657439445,Over-buffered,Review SS â€” potential excess
SKU_B03,Store_East,A,Y,A/Y,50.64957264957265,21.848865580798442,0.95,55.0,49.0,-6.0,137.5,122.5,-15.0,7.60124873439082,6.772021599730004,On target,On target â€” no action needed
SKU_B02,Store_East,A,Y,A/Y,62.84615384615385,25.542528766850612,0.95,65.0,58.0,-7.0,136.5,121.80000000000001,-14.699999999999989,7.239902080783353,6.460220318237454,On target,On target â€” no action needed
SKU_B07,Store_East,A,Y,A/Y,42.707317073170735,17.08645244132163,0.95,44.0,39.0,-5.0,127.6,113.1,-14.5,7.211878926327811,6.392347230154197,On target,On target â€” no action needed
SKU_A09,Store_Central,A,X,A/X,199.56410256410257,54.178619527800805,0.95,101.0,89.0,-12.0,121.19999999999999,106.8,-14.399999999999991,3.542721315688038,3.121803931645895,Over-buffered,Review SS â€” potential excess
SKU_A02,Store_Central,A,X,A/X,221.85365853658536,47.32463270432059,0.95,94.0,84.0,-10.0,131.6,117.6,-14.0,2.9659190853122253,2.6503957783641163,On target,On target â€” no action needed
SKU_A13,Store_East,A,X,A/X,79.01666666666667,11.364405933537496,0.95,47.0,43.0,-4.0,164.5,150.5,-14.0,4.163678548829361,3.809322927652394,On target,On target â€” no action needed
SKU_A01,Store_West,A,X,A/X,124.869918699187,25.509749244111656,0.95,117.0,106.0,-11.0,146.25,132.5,-13.75,6.558825444364867,5.942183735920307,Over-buffered,Review SS â€” potential excess
SKU_B04,Store_West,A,Y,A/Y,40.68376068376068,18.18830730467776,0.95,58.0,51.0,-7.0,110.19999999999999,96.89999999999999,-13.299999999999997,9.979411764705883,8.775,On target,On target â€” no action needed
SKU_A05,Store_East,A,X,A/X,172.4471544715447,20.842109989478917,0.95,103.0,91.0,-12.0,113.30000000000001,100.10000000000001,-13.200000000000003,4.18099099523832,3.6938852482202638,Over-buffered,Review SS â€” potential excess
SKU_A12,Store_South,A,X,A/X,100.31623931623932,28.482908227056672,0.95,58.0,52.0,-6.0,127.60000000000001,114.4,-13.200000000000003,4.047201158728806,3.628525176791344,On target,On target â€” no action needed
SKU_B06,Store_South,A,Y,A/Y,59.235772357723576,22.880773091156517,0.95,44.0,40.0,-4.0,140.8,128.0,-12.800000000000011,5.199560801537194,4.726873455942904,On target,On target â€” no action needed
SKU_B02,Store_Central,A,Y,A/Y,105.73504273504274,44.20047436849387,0.95,72.0,66.0,-6.0,151.20000000000002,138.6,-12.600000000000023,4.766631638509417,4.369412335300298,On target,On target â€” no action needed
SKU_A06,Store_Central,A,X,A/X,239.64227642276424,30.25155511189165,0.95,84.0,70.0,-14.0,75.60000000000001,63.0,-12.600000000000009,2.4536572126475775,2.044714343872981,Over-buffered,Review SS â€” potential excess
SKU_A03,Store_West,A,X,A/X,90.72357723577235,18.917579389753115,0.95,84.0,78.0,-6.0,176.4,163.8,-12.599999999999994,6.481225916300744,6.018281207993548,On target,On target â€” no action needed
SKU_B03,Store_North,A,Y,A/Y,75.28205128205128,33.688072949340764,0.95,63.0,58.0,-5.0,157.5,145.0,-12.5,5.857970027247957,5.393051771117166,On target,On target â€” no action needed
SKU_B03,Store_South,A,Y,A/Y,60.11965811965812,24.27061196202772,0.95,47.0,42.0,-5.0,117.5,105.0,-12.5,5.472419675860109,4.890247369917543,On target,On target â€” no action needed
SKU_A07,Store_West,A,X,A/X,96.46341463414635,16.758103334347354,0.95,86.0,78.0,-8.0,129.0,117.0,-12.0,6.24070796460177,5.660176991150442,On target,On target â€” no action needed
SKU_C07,Store_Central,A,Z,A/Z,15.658333333333333,12.842959052423325,0.95,19.0,18.0,-1.0,228.0,216.0,-12.0,8.493879723257052,8.046833422032996,On target,On target â€” no action needed
SKU_A08,Store_East,A,X,A/X,160.82905982905982,37.961359255853516,0.95,120.0,106.0,-14.0,102.0,90.1,-11.900000000000006,5.222936706169953,4.613594090450126,Over-buffered,Review SS â€” potential excess
SKU_A02,Store_North,A,X,A/X,196.7479674796748,36.51563725531219,0.95,84.0,76.0,-8.0,117.6,106.39999999999999,-11.200000000000003,2.988595041322314,2.70396694214876,On target,On target â€” no action needed
SKU_A02,Store_East,A,X,A/X,134.0487804878049,26.460540850293025,0.95,90.0,82.0,-8.0,125.99999999999999,114.8,-11.199999999999989,4.699781659388646,4.282023289665211,On target,On target â€” no action needed
SKU_B05,Store_Central,A,Y,A/Y,80.54471544715447,33.09661934262923,0.95,54.0,50.0,-4.0,151.2,140.0,-11.199999999999989,4.693045321489856,4.3454123347128295,On target,On target â€” no action needed
SKU_A05,Store_South,A,X,A/X,198.9918699186992,25.39076585714474,0.95,73.0,63.0,-10.0,80.30000000000001,69.30000000000001,-11.0,2.567944108514463,2.2161709429645366,On target,On target â€” no action needed
SKU_A12,Store_West,A,X,A/X,74.64957264957265,24.150990933401367,0.95,82.0,77.0,-5.0,180.4,169.4,-11.0,7.6892603618044415,7.220403022670025,On target,On target â€” no action needed
SKU_B15,Store_South,A,Y,A/Y,27.541666666666668,10.619868041657684,0.95,21.0,19.0,-2.0,115.5,104.5,-11.0,5.337367624810892,4.829046898638427,On target,On target â€” no action needed
SKU_A11,Store_Central,A,X,A/X,164.97435897435898,44.61295307255555,0.95,79.0,73.0,-6.0,142.20000000000002,131.4,-10.800000000000011,3.35203605843954,3.097451041342866,On target,On target â€” no action needed
SKU_A07,Store_Central,A,X,A/X,201.0569105691057,36.54873143239318,0.95,76.0,69.0,-7.0,114.0,103.5,-10.5,2.646016983420946,2.402304892842701,On target,On target â€” no action needed
SKU_B19,Store_Central,A,Y,A/Y,33.525,18.803351873181192,0.95,29.0,27.0,-2.0,150.8,140.4,-10.400000000000006,6.055182699478001,5.63758389261745,On target,On target â€” no action needed
SKU_A15,Store_Central,A,X,A/X,123.54471544715447,27.444327099779294,0.95,52.0,48.0,-4.0,130.0,120.0,-10.0,2.94630165833114,2.7196630692287442,On target,On target â€” no action needed
SKU_A15,Store_North,A,X,A/X,113.95934959349593,25.066220710653266,0.95,53.0,49.0,-4.0,132.5,122.5,-10.0,3.255546835984876,3.0098451879860173,On target,On target â€” no action needed
SKU_A15,Store_West,A,X,A/X,59.38211382113821,11.62106324648974,0.95,54.0,50.0,-4.0,135.0,125.0,-10.0,6.365553121577218,5.894030668127053,On target,On target â€” no action needed
SKU_B03,Store_West,A,Y,A/Y,41.205128205128204,20.162815254836254,0.95,59.0,55.0,-4.0,147.5,137.5,-10.0,10.023024268823896,9.34349719975109,On target,On target â€” no action needed
SKU_A06,Store_North,A,X,A/X,215.6991869918699,29.511176044579106,0.95,81.0,70.0,-11.0,72.9,63.0,-9.900000000000006,2.628660811880442,2.2716821831065546,Over-buffered,Review SS â€” potential excess
SKU_A06,Store_West,A,X,A/X,119.88617886178862,16.002643710465655,0.95,103.0,92.0,-11.0,92.7,82.8,-9.900000000000006,6.014037705140377,5.371761833717618,Over-buffered,Review SS â€” potential excess
SKU_B06,Store_Central,A,Y,A/Y,74.03252032520325,30.13949545581159,0.95,48.0,45.0,-3.0,153.60000000000002,144.0,-9.600000000000023,4.538546013617395,4.254886887766308,On target,On target â€” no action needed
SKU_B06,Store_West,A,Y,A/Y,33.6910569105691,10.935234378624921,0.95,38.0,35.0,-3.0,121.60000000000001,112.0,-9.600000000000009,7.89527027027027,7.2719594594594605,On target,On target â€” no action needed
SKU_B11,Store_East,A,X,A/X,31.416666666666668,9.53902801943445,0.95,26.0,24.0,-2.0,124.8,115.19999999999999,-9.600000000000009,5.793103448275862,5.347480106100796,On target,On target â€” no action needed
SKU_B01,Store_South,A,X,A/X,81.53846153846153,30.772264807677377,0.95,60.0,54.0,-6.0,96.0,86.4,-9.599999999999994,5.150943396226415,4.635849056603774,On target,On target â€” no action needed
SKU_B04,Store_East,A,Y,A/Y,49.376068376068375,22.600857141194716,0.95,55.0,50.0,-5.0,104.5,95.0,-9.5,7.7972996364895275,7.08845421499048,On target,On target â€” no action needed
SKU_A04,Store_North,A,X,A/X,139.4878048780488,22.846737809034643,0.95,55.0,50.0,-5.0,101.75,92.5,-9.25,2.760097919216646,2.5091799265605874,On target,On target â€” no action needed
SKU_A07,Store_North,A,X,A/X,180.869918699187,32.463602971321116,0.95,74.0,68.0,-6.0,111.0,102.0,-9.0,2.863936710567717,2.6317256259270914,On target,On target â€” no action needed
SKU_A12,Store_Central,A,X,A/X,143.26495726495727,43.78724654555146,0.95,74.0,70.0,-4.0,162.8,154.0,-8.800000000000011,3.615678320009545,3.420236248657678,On target,On target â€” no action needed
SKU_B07,Store_West,A,Y,A/Y,32.97560975609756,13.568533309570086,0.95,42.0,39.0,-3.0,121.8,113.1,-8.700000000000003,8.915680473372781,8.278846153846153,On target,On target â€” no action needed
SKU_B02,Store_South,A,Y,A/Y,77.21367521367522,30.209476370191865,0.95,57.0,53.0,-4.0,119.7,111.30000000000001,-8.399999999999991,5.16747841487713,4.804848350675226,On target,On target â€” no action needed
SKU_C02,Store_West,A,Y,A/Y,9.591666666666667,7.786201291743976,0.95,20.0,19.0,-1.0,164.0,155.79999999999998,-8.200000000000017,14.596003475238923,13.866203301476977,On target,On target â€” no action needed
SKU_C02,Store_East,A,Y,A/Y,12.791666666666666,9.91370754169308,0.95,21.0,20.0,-1.0,172.2,164.0,-8.199999999999989,11.49185667752443,10.944625407166123,On target,On target â€” no action needed
SKU_A06,Store_East,A,X,A/X,148.8211382113821,22.50601817268056,0.95,92.0,83.0,-9.0,82.8,74.7,-8.099999999999994,4.327342256214149,3.904015296367113,On target,On target â€” no action needed
SKU_B12,Store_North,A,Y,A/Y,45.175,20.402067909895802,0.95,37.0,35.0,-2.0,144.29999999999998,136.5,-7.799999999999983,5.733259546209187,5.423353624792474,On target,On target â€” no action needed
SKU_A08,Store_Central,A,X,A/X,251.11111111111111,63.29023874964966,0.95,115.0,106.0,-9.0,97.75,90.1,-7.650000000000006,3.2057522123893802,2.954867256637168,On target,On target â€” no action needed
SKU_B16,Store_Central,A,Y,A/Y,37.02439024390244,18.881084186967442,0.95,30.0,28.0,-2.0,114.0,106.39999999999999,-7.6000000000000085,5.67193675889328,5.2938076416337285,On target,On target â€” no action needed
SKU_A01,Store_East,A,X,A/X,156.0,28.82890374358537,0.95,99.0,93.0,-6.0,123.75,116.25,-7.5,4.442307692307692,4.173076923076923,On target,On target â€” no action needed
SKU_A01,Store_South,A,X,A/X,182.39837398373984,32.32123816286222,0.95,74.0,68.0,-6.0,92.5,85.0,-7.5,2.8399375975039,2.6096723868954754,On target,On target â€” no action needed
SKU_A07,Store_East,A,X,A/X,123.9349593495935,23.04951892251383,0.95,79.0,74.0,-5.0,118.5,111.0,-7.5,4.462017843085804,4.179611650485437,On target,On target â€” no action needed
SKU_A04,Store_East,A,X,A/X,92.3821138211382,14.904858336657387,0.95,56.0,52.0,-4.0,103.60000000000001,96.2,-7.400000000000006,4.243245621754818,3.9401566487723314,On target,On target â€” no action needed
SKU_A04,Store_South,A,X,A/X,106.76422764227642,16.75606008603203,0.95,41.0,37.0,-4.0,75.85000000000001,68.45,-7.400000000000006,2.6881663113006393,2.42590618336887,On target,On target â€” no action needed
SKU_A04,Store_West,A,X,A/X,73.9430894308943,11.348364599064613,0.95,62.0,58.0,-4.0,114.7,107.30000000000001,-7.3999999999999915,5.869378779549203,5.49070918086861,On target,On target â€” no action needed
SKU_A09,Store_South,A,X,A/X,152.81196581196582,44.876265141594175,0.95,88.0,82.0,-6.0,105.6,98.39999999999999,-7.200000000000003,4.031097936126181,3.756250349572124,On target,On target â€” no action needed
SKU_A06,Store_South,A,X,A/X,174.8211382113821,25.16321761332788,0.95,66.0,58.0,-8.0,59.4,52.2,-7.199999999999996,2.64270101846254,2.3223736222852627,On target,On target â€” no action needed
SKU_A02,Store_South,A,X,A/X,157.869918699187,32.36277077930312,0.95,70.0,65.0,-5.0,98.0,91.0,-7.0,3.1038211968276856,2.882119682768565,On target,On target â€” no action needed
SKU_A13,Store_West,A,X,A/X,65.0,9.086620200419222,0.95,52.0,50.0,-2.0,182.0,175.0,-7.0,5.6000000000000005,5.384615384615385,On target,On target â€” no action needed
SKU_B09,Store_West,A,X,A/X,29.725,11.221974350947935,0.95,35.0,33.0,-2.0,122.5,115.5,-7.0,8.242220353238014,7.771236333052984,On target,On target â€” no action needed
SKU_A12,Store_North,A,X,A/X,127.76068376068376,41.44126717625195,0.95,77.0,74.0,-3.0,169.4,162.8,-6.599999999999994,4.2188252609044685,4.054455445544554,On target,On target â€” no action needed
SKU_B06,Store_North,A,Y,A/Y,63.8130081300813,26.395783598221925,0.95,48.0,46.0,-2.0,153.60000000000002,147.20000000000002,-6.400000000000006,5.265384125366289,5.045993120142693,On target,On target â€” no action needed
SKU_B01,Store_Central,A,X,A/X,112.75213675213675,43.3701827508779,0.95,70.0,66.0,-4.0,112.0,105.60000000000001,-6.3999999999999915,4.345815645845967,4.097483323226198,On target,On target â€” no action needed
SKU_A10,Store_South,A,X,A/X,118.93162393162393,23.812919891796184,0.95,54.0,48.0,-6.0,56.7,50.400000000000006,-6.299999999999997,3.178296802012217,2.8251527128997482,On target,On target â€” no action needed
SKU_B07,Store_South,A,Y,A/Y,53.00813008130081,23.132525911365352,0.95,42.0,40.0,-2.0,121.8,116.0,-5.799999999999997,5.546319018404908,5.282208588957055,On target,On target â€” no action needed
SKU_B04,Store_Central,A,Y,A/Y,86.57264957264957,39.05383447239027,0.95,61.0,58.0,-3.0,115.89999999999999,110.19999999999999,-5.700000000000003,4.9322736696613685,4.689702833448514,On target,On target â€” no action needed
SKU_A14,Store_Central,A,X,A/X,123.075,17.946755742101875,0.95,40.0,38.0,-2.0,112.0,106.39999999999999,-5.6000000000000085,2.2750355474304285,2.1612837700589074,On target,On target â€” no action needed
SKU_B05,Store_East,A,Y,A/Y,48.34146341463415,19.477662531623654,0.95,47.0,45.0,-2.0,131.6,125.99999999999999,-5.6000000000000085,6.805751765893037,6.516145307769929,On target,On target â€” no action needed
SKU_B05,Store_South,A,Y,A/Y,51.77235772357724,16.082517402006907,0.95,31.0,29.0,-2.0,86.8,81.19999999999999,-5.6000000000000085,4.191425879396985,3.9210113065326637,On target,On target â€” no action needed
SKU_A14,Store_South,A,X,A/X,88.74166666666666,14.091661738615342,0.95,33.0,31.0,-2.0,92.39999999999999,86.8,-5.599999999999994,2.6030613203117663,2.4453000281716593,On target,On target â€” no action needed
SKU_B05,Store_West,A,Y,A/Y,35.58536585365854,13.320274191657912,0.95,42.0,40.0,-2.0,117.6,112.0,-5.599999999999994,8.261823166552434,7.868403015764222,On target,On target â€” no action needed
SKU_A04,Store_Central,A,X,A/X,154.9918699186992,22.441793160156376,0.95,51.0,48.0,-3.0,94.35000000000001,88.80000000000001,-5.549999999999997,2.3033466219051615,2.1678556441460346,On target,On target â€” no action needed
SKU_A05,Store_West,A,X,A/X,138.73170731707316,17.97155528951495,0.95,111.0,106.0,-5.0,122.10000000000001,116.60000000000001,-5.5,5.6007383966244735,5.34845288326301,On target,On target â€” no action needed
SKU_A10,Store_East,A,X,A/X,102.55555555555556,21.857129113116077,0.95,70.0,65.0,-5.0,73.5,68.25,-5.25,4.777898158179848,4.43661971830986,On target,On target â€” no action needed
SKU_B19,Store_South,A,Y,A/Y,25.2,12.093800064495856,0.95,22.0,21.0,-1.0,114.4,109.2,-5.200000000000003,6.111111111111111,5.833333333333334,On target,On target â€” no action needed
SKU_B11,Store_Central,A,X,A/X,54.075,20.475254373674254,0.95,32.0,31.0,-1.0,153.6,148.79999999999998,-4.800000000000011,4.142394822006472,4.01294498381877,On target,On target â€” no action needed
SKU_A09,Store_East,A,X,A/X,126.55555555555556,36.436209200885244,0.95,97.0,93.0,-4.0,116.39999999999999,111.6,-4.799999999999997,5.365232660228271,5.143985952589991,On target,On target â€” no action needed
SKU_B01,Store_East,A,X,A/X,69.19658119658119,28.225356641547553,0.95,67.0,64.0,-3.0,107.2,102.4,-4.799999999999997,6.777791501976285,6.474308300395258,On target,On target â€” no action needed
SKU_B01,Store_North,A,X,A/X,103.88034188034187,35.128862264321654,0.95,66.0,63.0,-3.0,105.60000000000001,100.80000000000001,-4.799999999999997,4.447424716142834,4.24526904722725,On target,On target â€” no action needed
SKU_B11,Store_West,A,X,A/X,24.558333333333334,9.341480818847133,0.95,29.0,28.0,-1.0,139.2,134.4,-4.799999999999983,8.26603325415677,7.980997624703088,On target,On target â€” no action needed
SKU_B10,Store_Central,A,X,A/X,61.725,22.151359062895743,0.95,35.0,34.0,-1.0,147.0,142.8,-4.199999999999989,3.9692183070068854,3.8558120696638314,On target,On target â€” no action needed
SKU_B10,Store_South,A,X,A/X,43.425,16.79665765363256,0.95,30.0,29.0,-1.0,126.0,121.80000000000001,-4.199999999999989,4.8359240069084635,4.674726540011514,On target,On target â€” no action needed
SKU_B12,Store_East,A,Y,A/Y,32.24166666666667,13.135826222798304,0.95,31.0,30.0,-1.0,120.89999999999999,117.0,-3.8999999999999915,6.730421297492892,6.513310933057637,On target,On target â€” no action needed
SKU_B16,Store_South,A,Y,A/Y,27.146341463414632,14.360448691287822,0.95,25.0,24.0,-1.0,95.0,91.19999999999999,-3.8000000000000114,6.446540880503145,6.188679245283019,On target,On target â€” no action needed
SKU_B16,Store_West,A,Y,A/Y,18.788617886178862,9.870916492337702,0.95,28.0,27.0,-1.0,106.39999999999999,102.6,-3.799999999999997,10.431847684984856,10.059281696235395,On target,On target â€” no action needed
SKU_A13,Store_South,A,X,A/X,95.64166666666667,14.842953341194901,0.95,34.0,33.0,-1.0,119.0,115.5,-3.5,2.488455171211989,2.415265313235166,On target,On target â€” no action needed
SKU_B09,Store_North,A,X,A/X,50.375,21.344422573590506,0.95,38.0,37.0,-1.0,133.0,129.5,-3.5,5.280397022332506,5.1414392059553355,On target,On target â€” no action needed
SKU_B09,Store_South,A,X,A/X,40.583333333333336,15.038053582680027,0.95,28.0,27.0,-1.0,98.0,94.5,-3.5,4.829568788501026,4.657084188911704,On target,On target â€” no action needed
SKU_B01,Store_West,A,X,A/X,54.965811965811966,21.074118944761995,0.95,64.0,62.0,-2.0,102.4,99.2,-3.200000000000003,8.150520914321257,7.895817135748716,On target,On target â€” no action needed
SKU_A10,Store_Central,A,X,A/X,167.87179487179486,34.05112758692182,0.95,65.0,62.0,-3.0,68.25,65.10000000000001,-3.1499999999999915,2.7104017107071945,2.585306247136093,On target,On target â€” no action needed
SKU_B05,Store_North,A,Y,A/Y,70.40650406504065,25.97992890029951,0.95,47.0,46.0,-1.0,131.6,128.79999999999998,-2.8000000000000114,4.672863741339492,4.573441108545034,On target,On target â€” no action needed
SKU_A02,Store_West,A,X,A/X,107.46341463414635,20.99527344521763,0.95,92.0,90.0,-2.0,128.79999999999998,125.99999999999999,-2.799999999999997,5.9927371765773945,5.862460281434407,On target,On target â€” no action needed
SKU_A08,Store_South,A,X,A/X,184.5897435897436,44.2784803988346,0.95,88.0,85.0,-3.0,74.8,72.25,-2.549999999999997,3.3371301569662455,3.223364356160578,On target,On target â€” no action needed
SKU_A10,Store_West,A,X,A/X,81.58974358974359,17.641323789967092,0.95,73.0,71.0,-2.0,76.65,74.55,-2.1000000000000085,6.263042111879321,6.091451917033312,On target,On target â€” no action needed
SKU_A08,Store_North,A,X,A/X,228.4102564102564,63.87329255364604,0.95,120.0,118.0,-2.0,102.0,100.3,-1.7000000000000028,3.67759317467445,3.616299955096543,On target,On target â€” no action needed
SKU_A08,Store_West,A,X,A/X,129.6239316239316,35.456661037000664,0.95,125.0,123.0,-2.0,106.25,104.55,-1.7000000000000028,6.7502967163391805,6.642291968877753,On target,On target â€” no action needed
SKU_A09,Store_West,A,X,A/X,102.90598290598291,36.22814293161067,0.95,111.0,111.0,0.0,133.2,133.2,0.0,7.550581395348837,7.550581395348837,On target,On target â€” no action needed
SKU_A13,Store_Central,A,X,A/X,132.20833333333334,19.648535074034285,0.95,41.0,41.0,0.0,143.5,143.5,0.0,2.170816262212417,2.170816262212417,On target,On target â€” no action needed
SKU_A13,Store_North,A,X,A/X,118.6,16.154153232734508,0.95,39.0,39.0,0.0,136.5,136.5,0.0,2.3018549747048906,2.3018549747048906,On target,On target â€” no action needed
SKU_A14,Store_East,A,X,A/X,76.65,11.762688184821245,0.95,43.0,43.0,0.0,120.39999999999999,120.39999999999999,0.0,3.9269406392694064,3.9269406392694064,On target,On target â€” no action needed
SKU_A14,Store_North,A,X,A/X,111.09166666666667,16.51816970961237,0.95,38.0,38.0,0.0,106.39999999999999,106.39999999999999,0.0,2.3944190233290827,2.3944190233290827,On target,On target â€” no action needed
SKU_A14,Store_West,A,X,A/X,61.8,9.716480844420989,0.95,49.0,49.0,0.0,137.2,137.2,0.0,5.550161812297735,5.550161812297735,On target,On target â€” no action needed
SKU_B02,Store_West,A,Y,A/Y,52.085470085470085,21.077623185216922,0.95,61.0,61.0,0.0,128.1,128.1,0.0,8.198063669182803,8.198063669182803,On target,On target â€” no action needed
SKU_B07,Store_Central,A,Y,A/Y,74.44715447154472,34.847449954418934,0.95,52.0,52.0,0.0,150.79999999999998,150.79999999999998,0.0,4.889374249208256,4.889374249208256,On target,On target â€” no action needed
SKU_B07,Store_North,A,Y,A/Y,64.00813008130082,26.77260337780686,0.95,47.0,47.0,0.0,136.29999999999998,136.29999999999998,0.0,5.139972056395274,5.139972056395274,On target,On target â€” no action needed
SKU_B09,Store_East,A,X,A/X,35.083333333333336,13.555800316551665,0.95,31.0,31.0,0.0,108.5,108.5,0.0,6.185273159144892,6.185273159144892,On target,On target â€” no action needed
SKU_B10,Store_East,A,X,A/X,34.3,13.352652670287405,0.95,31.0,31.0,0.0,130.20000000000002,130.20000000000002,0.0,6.326530612244898,6.326530612244898,On target,On target â€” no action needed
SKU_B10,Store_West,A,X,A/X,26.608333333333334,10.313660709089776,0.95,30.0,30.0,0.0,126.0,126.0,0.0,7.892264328217976,7.892264328217976,On target,On target â€” no action needed
SKU_B11,Store_North,A,X,A/X,45.69166666666667,16.999899918006054,0.95,30.0,30.0,0.0,144.0,144.0,0.0,4.596024074411819,4.596024074411819,On target,On target â€” no action needed
SKU_B11,Store_South,A,X,A/X,36.958333333333336,14.150615907286706,0.95,25.0,25.0,0.0,120.0,120.0,0.0,4.735062006764374,4.735062006764374,On target,On target â€” no action needed
SKU_B12,Store_Central,A,Y,A/Y,51.94166666666667,23.485206632166463,0.95,35.0,35.0,0.0,136.5,136.5,0.0,4.716829776993421,4.716829776993421,On target,On target â€” no action needed
SKU_B15,Store_Central,A,Y,A/Y,40.55,18.098273398310678,0.95,27.0,27.0,0.0,148.5,148.5,0.0,4.6609124537607896,4.6609124537607896,On target,On target â€” no action needed
SKU_B15,Store_North,A,Y,A/Y,34.15833333333333,14.611066487046347,0.95,25.0,25.0,0.0,137.5,137.5,0.0,5.123200780678214,5.123200780678214,On target,On target â€” no action needed
SKU_B15,Store_West,A,Y,A/Y,19.558333333333334,9.928742647261815,0.95,27.0,27.0,0.0,148.5,148.5,0.0,9.66340008521517,9.66340008521517,On target,On target â€” no action needed
SKU_B19,Store_North,A,Y,A/Y,33.458333333333336,18.129577965915868,0.95,31.0,31.0,0.0,161.20000000000002,161.20000000000002,0.0,6.485678704856786,6.485678704856786,On target,On target â€” no action needed
SKU_B19,Store_West,A,Y,A/Y,19.25,8.775201802048011,0.95,25.0,25.0,0.0,130.0,130.0,0.0,9.09090909090909,9.09090909090909,On target,On target â€” no action needed
SKU_C01,Store_North,A,Y,A/Y,23.866666666666667,18.6667857139061,0.95,31.0,31.0,0.0,232.5,232.5,0.0,9.09217877094972,9.09217877094972,On target,On target â€” no action needed
SKU_C01,Store_South,A,Y,A/Y,17.666666666666668,12.42734440211942,0.95,21.0,21.0,0.0,157.5,157.5,0.0,8.320754716981131,8.320754716981131,On target,On target â€” no action needed
SKU_C01,Store_West,A,Y,A/Y,13.283333333333333,9.27647861828806,0.95,24.0,24.0,0.0,180.0,180.0,0.0,12.647427854454204,12.647427854454204,On target,On target â€” no action needed
SKU_C06,Store_Central,A,Y,A/Y,14.7,13.016399911906007,0.95,18.0,18.0,0.0,176.4,176.4,0.0,8.571428571428571,8.571428571428571,On target,On target â€” no action needed
SKU_C06,Store_East,A,Y,A/Y,9.383333333333333,8.281689977829942,0.95,17.0,17.0,0.0,166.60000000000002,166.60000000000002,0.0,12.682060390763766,12.682060390763766,On target,On target â€” no action needed
SKU_C06,Store_North,A,Y,A/Y,13.4,11.506085346459065,0.95,19.0,19.0,0.0,186.20000000000002,186.20000000000002,0.0,9.925373134328357,9.925373134328357,On target,On target â€” no action needed
SKU_C06,Store_West,A,Y,A/Y,9.75,8.47078312003481,0.95,21.0,21.0,0.0,205.8,205.8,0.0,15.076923076923077,15.076923076923077,On target,On target â€” no action needed
SKU_C07,Store_West,A,Z,A/Z,6.933333333333334,6.1260826707520755,0.95,15.0,15.0,0.0,180.0,180.0,0.0,15.144230769230768,15.144230769230768,On target,On target â€” no action needed
SKU_A10,Store_North,A,X,A/X,152.45299145299145,31.94987947932694,0.95,63.0,64.0,1.0,66.15,67.2,1.0499999999999972,2.8926949599147838,2.938610752929304,On target,On target â€” no action needed
SKU_B02,Store_North,A,Y,A/Y,97.77777777777777,42.43307674325932,0.95,72.0,73.0,1.0,151.20000000000002,153.3,2.0999999999999943,5.154545454545455,5.226136363636364,On target,On target â€” no action needed
SKU_B16,Store_East,A,Y,A/Y,21.869918699186993,11.321581197270916,0.95,24.0,25.0,1.0,91.19999999999999,95.0,3.8000000000000114,7.6817843866171,8.001858736059479,On target,On target â€” no action needed
SKU_B12,Store_South,A,Y,A/Y,39.21666666666667,19.355526055596858,0.95,32.0,33.0,1.0,124.8,128.7,3.8999999999999915,5.7118572035699104,5.89035274118147,On target,On target â€” no action needed
SKU_B12,Store_West,A,Y,A/Y,24.866666666666667,12.653018963428803,0.95,33.0,34.0,1.0,128.7,132.6,3.9000000000000057,9.289544235924932,9.571045576407506,On target,On target â€” no action needed
SKU_B19,Store_East,A,Y,A/Y,24.175,12.16803359901125,0.95,25.0,26.0,1.0,130.0,135.20000000000002,5.200000000000017,7.2388831437435375,7.5284384694932776,On target,On target â€” no action needed
SKU_B09,Store_Central,A,X,A/X,60.85,25.03685616579419,0.95,36.0,38.0,2.0,126.0,133.0,7.0,4.1413311421528345,4.3714050944946585,On target,On target â€” no action needed
SKU_C01,Store_Central,A,Y,A/Y,30.066666666666666,20.745575164089544,0.95,29.0,30.0,1.0,217.5,225.0,7.5,6.751662971175166,6.984478935698448,On target,On target â€” no action needed
SKU_C01,Store_East,A,Y,A/Y,16.475,12.822481884045175,0.95,25.0,26.0,1.0,187.5,195.0,7.5,10.62215477996965,11.047040971168435,On target,On target â€” no action needed
SKU_C02,Store_North,A,Y,A/Y,19.0,14.66912858125299,0.95,24.0,25.0,1.0,196.79999999999998,204.99999999999997,8.199999999999989,8.842105263157894,9.210526315789474,On target,On target â€” no action needed
SKU_C02,Store_South,A,Y,A/Y,15.408333333333333,12.12400912331487,0.95,19.0,20.0,1.0,155.79999999999998,164.0,8.200000000000017,8.631692806922661,9.085992428339642,On target,On target â€” no action needed
SKU_C06,Store_South,A,Y,A/Y,11.083333333333334,11.238018310874722,0.95,18.0,19.0,1.0,176.4,186.20000000000002,9.800000000000011,11.368421052631579,12.0,On target,On target â€” no action needed
SKU_B15,Store_East,A,Y,A/Y,23.158333333333335,11.828634630515149,0.95,24.0,26.0,2.0,132.0,143.0,11.0,7.254408060453399,7.858942065491184,On target,On target â€” no action needed
SKU_C07,Store_South,A,Z,A/Z,10.791666666666666,10.811950050240192,0.95,17.0,18.0,1.0,204.0,216.0,12.0,11.027027027027028,11.675675675675675,On target,On target â€” no action needed
SKU_C13,Store_Central,B,Z,B/Z,7.641666666666667,8.190233852311884,0.9,12.0,9.0,-3.0,132.0,99.0,-33.0,10.992366412213741,8.244274809160306,Over-buffered,Review SS â€” potential excess
SKU_C03,Store_East,B,Z,B/Z,12.878048780487806,10.127307819574618,0.9,21.0,16.0,-5.0,121.8,92.8,-29.0,11.414772727272727,8.696969696969697,Over-buffered,Review SS â€” potential excess
SKU_C12,Store_East,B,Z,B/Z,5.837606837606837,6.4661607850729155,0.9,13.0,10.0,-3.0,110.5,85.0,-25.5,15.588579795021962,11.991215226939971,Over-buffered,Review SS â€” potential excess
SKU_B20,Store_Central,B,Y,B/Y,40.914529914529915,20.535386448126353,0.9,32.0,23.0,-9.0,89.6,64.39999999999999,-25.200000000000003,5.474827658241069,3.935032379360769,Over-buffered,Review SS â€” potential excess
SKU_C05,Store_South,B,Z,B/Z,11.333333333333334,8.880016940000782,0.9,16.0,12.0,-4.0,99.2,74.4,-24.799999999999997,9.88235294117647,7.411764705882353,Over-buffered,Review SS â€” potential excess
SKU_C03,Store_South,B,Z,B/Z,14.772357723577235,13.269448379446604,0.9,21.0,17.0,-4.0,121.8,98.6,-23.200000000000003,9.951018161805175,8.05558613098514,Over-buffered,Review SS â€” potential excess
SKU_C03,Store_Central,B,Z,B/Z,22.15447154471545,17.67411985151207,0.9,24.0,20.0,-4.0,139.2,116.0,-23.19999999999999,7.583119266055045,6.319266055045871,Over-buffered,Review SS â€” potential excess
SKU_B20,Store_East,B,Y,B/Y,24.444444444444443,12.79185400811244,0.9,29.0,22.0,-7.0,81.19999999999999,61.599999999999994,-19.599999999999994,8.304545454545455,6.3,Over-buffered,Review SS â€” potential excess
SKU_C05,Store_Central,B,Z,B/Z,17.65811965811966,17.451844559117426,0.9,22.0,19.0,-3.0,136.4,117.8,-18.60000000000001,8.721200387221684,7.531945788964182,Over-buffered,Review SS â€” potential excess
SKU_C19,Store_West,B,Z,B/Z,2.0166666666666666,2.6582680242761243,0.9,6.0,5.0,-1.0,108.0,90.0,-18.0,20.82644628099174,17.355371900826448,Over-buffered,Review SS â€” potential excess
SKU_C12,Store_West,B,Z,B/Z,4.965811965811966,4.938825120560633,0.9,11.0,9.0,-2.0,93.5,76.5,-17.0,15.506024096385541,12.686746987951807,Over-buffered,Review SS â€” potential excess
SKU_B14,Store_Central,B,Y,B/Y,43.30769230769231,19.013922716465387,0.9,27.0,22.0,-5.0,83.7,68.2,-15.5,4.3641207815275305,3.5559502664298406,Over-buffered,Review SS â€” potential excess
SKU_C14,Store_South,B,Z,B/Z,5.733333333333333,6.351815138647814,0.9,9.0,8.0,-1.0,135.0,120.0,-15.0,10.988372093023255,9.767441860465116,On target,On target â€” no action needed
SKU_C08,Store_South,B,Z,B/Z,9.08130081300813,8.215188685426147,0.9,13.0,11.0,-2.0,93.60000000000001,79.2,-14.400000000000006,10.020590868397493,8.478961504028648,On target,On target â€” no action needed
SKU_C08,Store_North,B,Z,B/Z,11.487804878048781,10.182374260846224,0.9,15.0,13.0,-2.0,108.0,93.60000000000001,-14.399999999999991,9.140127388535031,7.92144373673036,On target,On target â€” no action needed
SKU_C08,Store_West,B,Z,B/Z,6.902439024390244,6.21617956305182,0.9,14.0,12.0,-2.0,100.8,86.4,-14.399999999999991,14.197879858657245,12.169611307420494,On target,On target â€” no action needed
SKU_B14,Store_East,B,Y,B/Y,27.034188034188034,15.065062101949108,0.9,29.0,25.0,-4.0,89.9,77.5,-12.400000000000006,7.509010433133103,6.473284856149226,On target,On target â€” no action needed
SKU_B14,Store_South,B,Y,B/Y,30.45299145299145,16.902685634226874,0.9,26.0,22.0,-4.0,80.60000000000001,68.2,-12.400000000000006,5.976424361493124,5.056974459724952,On target,On target â€” no action needed
SKU_C05,Store_North,B,Z,B/Z,15.709401709401709,13.894018776498989,0.9,20.0,18.0,-2.0,124.0,111.60000000000001,-12.399999999999991,8.911860718171926,8.020674646354733,On target,On target â€” no action needed
SKU_C05,Store_West,B,Z,B/Z,8.034188034188034,6.310934242041996,0.9,14.0,12.0,-2.0,86.8,74.4,-12.399999999999991,12.197872340425532,10.455319148936171,On target,On target â€” no action needed
SKU_B13,Store_North,B,Y,B/Y,47.69230769230769,23.189837716272077,0.9,36.0,31.0,-5.0,86.39999999999999,74.39999999999999,-12.0,5.283870967741935,4.55,On target,On target â€” no action needed
SKU_B20,Store_North,B,Y,B/Y,36.68376068376068,21.12544929887835,0.9,32.0,28.0,-4.0,89.6,78.39999999999999,-11.200000000000003,6.106244175209693,5.342963653308481,On target,On target â€” no action needed
SKU_C10,Store_East,B,Y,B/Y,8.52991452991453,7.792800369541906,0.9,14.0,12.0,-2.0,77.0,66.0,-11.0,11.488977955911823,9.847695390781563,On target,On target â€” no action needed
SKU_C04,Store_Central,B,Y,B/Y,19.29059829059829,15.313286688843057,0.9,19.0,17.0,-2.0,85.5,76.5,-9.0,6.894550287992911,6.1688081524147105,On target,On target â€” no action needed
SKU_C12,Store_North,B,Z,B/Z,7.247863247863248,8.484179327023547,0.9,12.0,11.0,-1.0,102.0,93.5,-8.5,11.589622641509434,10.62382075471698,On target,On target â€” no action needed
SKU_B18,Store_Central,B,Y,B/Y,36.1219512195122,17.804532795405255,0.9,24.0,20.0,-4.0,50.400000000000006,42.0,-8.400000000000006,4.650911546252531,3.87575962187711,On target,On target â€” no action needed
SKU_B18,Store_South,B,Y,B/Y,24.422764227642276,14.028431136941993,0.9,23.0,19.0,-4.0,48.300000000000004,39.9,-8.400000000000006,6.592210386151798,5.445739014647137,On target,On target â€” no action needed
SKU_B18,Store_West,B,Y,B/Y,17.11382113821138,9.799786999537345,0.9,24.0,20.0,-4.0,50.400000000000006,42.0,-8.400000000000006,9.8166270783848,8.180522565320667,On target,On target â€” no action needed
SKU_B18,Store_East,B,Y,B/Y,21.016260162601625,10.9499851429809,0.9,22.0,18.0,-4.0,46.2,37.800000000000004,-8.399999999999999,7.327659574468084,5.995357833655706,On target,On target â€” no action needed
SKU_B08,Store_Central,B,Y,B/Y,59.260162601626014,27.177476745459348,0.9,35.0,31.0,-4.0,63.0,55.800000000000004,-7.199999999999996,4.1343119769515715,3.6618191795856774,On target,On target â€” no action needed
SKU_C16,Store_East,B,Z,B/Z,4.6581196581196584,4.8589724796845175,0.9,9.0,8.0,-1.0,64.8,57.6,-7.199999999999996,13.524770642201833,12.022018348623853,On target,On target â€” no action needed
SKU_B08,Store_North,B,Y,B/Y,56.260162601626014,27.952874802596927,0.9,41.0,37.0,-4.0,73.8,66.60000000000001,-7.199999999999989,5.1013005780346825,4.603612716763005,On target,On target â€” no action needed
SKU_B17,Store_North,B,Y,B/Y,29.983739837398375,15.89139141085405,0.9,23.0,21.0,-2.0,73.60000000000001,67.2,-6.400000000000006,5.369577006507592,4.90265726681128,On target,On target â€” no action needed
SKU_B14,Store_North,B,Y,B/Y,39.88034188034188,22.639184845780303,0.9,32.0,30.0,-2.0,99.2,93.0,-6.200000000000003,5.616802400342906,5.265752250321475,On target,On target â€” no action needed
SKU_B14,Store_West,B,Y,B/Y,22.70940170940171,11.104060879611419,0.9,26.0,24.0,-2.0,80.60000000000001,74.4,-6.200000000000003,8.014301844185171,7.397817086940158,On target,On target â€” no action needed
SKU_C03,Store_North,B,Z,B/Z,18.130081300813007,16.20797723374667,0.9,22.0,21.0,-1.0,127.6,121.8,-5.799999999999997,8.494170403587443,8.108071748878924,On target,On target â€” no action needed
SKU_C03,Store_West,B,Z,B/Z,8.83739837398374,7.803870192379518,0.9,16.0,15.0,-1.0,92.8,87.0,-5.799999999999997,12.67341306347746,11.881324747010119,On target,On target â€” no action needed
SKU_B08,Store_West,B,Y,B/Y,32.447154471544714,14.927032961750275,0.9,35.0,32.0,-3.0,63.0,57.6,-5.399999999999999,7.550739163117013,6.903532949135555,On target,On target â€” no action needed
SKU_B13,Store_West,B,Y,B/Y,26.076923076923077,12.148056610891853,0.9,28.0,26.0,-2.0,67.2,62.4,-4.800000000000004,7.516224188790561,6.979351032448378,On target,On target â€” no action needed
SKU_C04,Store_North,B,Y,B/Y,21.094017094017094,17.075990494970508,0.9,23.0,22.0,-1.0,103.5,99.0,-4.5,7.632495948136143,7.30064829821718,On target,On target â€” no action needed
SKU_C04,Store_West,B,Y,B/Y,9.786324786324787,8.132270905629499,0.9,17.0,16.0,-1.0,76.5,72.0,-4.5,12.159825327510916,11.444541484716156,On target,On target â€” no action needed
SKU_B18,Store_North,B,Y,B/Y,30.479674796747968,16.219204512435066,0.9,24.0,22.0,-2.0,50.400000000000006,46.2,-4.200000000000003,5.511869831955188,5.052547345958922,On target,On target â€” no action needed
SKU_B17,Store_East,B,Y,B/Y,22.0,10.70977063208498,0.9,19.0,18.0,-1.0,60.800000000000004,57.6,-3.200000000000003,6.045454545454546,5.7272727272727275,On target,On target â€” no action needed
SKU_B17,Store_West,B,Y,B/Y,18.463414634146343,9.419140418660957,0.9,21.0,20.0,-1.0,67.2,64.0,-3.200000000000003,7.961690885072654,7.582562747688242,On target,On target â€” no action needed
SKU_B13,Store_East,B,Y,B/Y,35.598290598290596,18.458574469251957,0.9,32.0,31.0,-1.0,76.8,74.39999999999999,-2.4000000000000057,6.292436974789917,6.095798319327731,On target,On target â€” no action needed
SKU_B13,Store_South,B,Y,B/Y,42.01709401709402,19.95292875530401,0.9,28.0,27.0,-1.0,67.2,64.8,-2.4000000000000057,4.664768104149715,4.498169243287226,On target,On target â€” no action needed
SKU_B08,Store_East,B,Y,B/Y,39.2520325203252,19.511761512797243,0.9,34.0,33.0,-1.0,61.2,59.4,-1.8000000000000043,6.063380281690141,5.885045567522784,On target,On target â€” no action needed
SKU_B08,Store_South,B,Y,B/Y,48.75609756097561,24.010614679580673,0.9,32.0,32.0,0.0,57.6,57.6,0.0,4.594297148574287,4.594297148574287,On target,On target â€” no action needed
SKU_B17,Store_Central,B,Y,B/Y,33.9349593495935,17.40046716380548,0.9,20.0,20.0,0.0,64.0,64.0,0.0,4.125539051269765,4.125539051269765,On target,On target â€” no action needed
SKU_B17,Store_South,B,Y,B/Y,26.479674796747968,15.007504677400913,0.9,20.0,20.0,0.0,64.0,64.0,0.0,5.287073994473442,5.287073994473442,On target,On target â€” no action needed
SKU_C05,Store_East,B,Z,B/Z,10.452991452991453,8.625638315530875,0.9,14.0,14.0,0.0,86.8,86.8,0.0,9.375306623058053,9.375306623058053,On target,On target â€” no action needed
SKU_C08,Store_Central,B,Z,B/Z,14.357723577235772,14.580937595345603,0.9,16.0,16.0,0.0,115.2,115.2,0.0,7.800679501698754,7.800679501698754,On target,On target â€” no action needed
SKU_C08,Store_East,B,Z,B/Z,7.390243902439025,8.097609951855024,0.9,13.0,13.0,0.0,93.60000000000001,93.60000000000001,0.0,12.313531353135312,12.313531353135312,On target,On target â€” no action needed
SKU_C10,Store_Central,B,Y,B/Y,14.41025641025641,12.162119871277113,0.9,13.0,13.0,0.0,71.5,71.5,0.0,6.314946619217081,6.314946619217081,On target,On target â€” no action needed
SKU_C10,Store_South,B,Y,B/Y,11.136752136752136,10.581313946575808,0.9,14.0,14.0,0.0,77.0,77.0,0.0,8.799693016116654,8.799693016116654,On target,On target â€” no action needed
SKU_C10,Store_West,B,Y,B/Y,7.410256410256411,7.352136553415323,0.9,14.0,14.0,0.0,77.0,77.0,0.0,13.224913494809687,13.224913494809687,On target,On target â€” no action needed
SKU_C12,Store_Central,B,Z,B/Z,10.35897435897436,11.149689764923659,0.9,12.0,12.0,0.0,102.0,102.0,0.0,8.108910891089108,8.108910891089108,On target,On target â€” no action needed
SKU_C12,Store_South,B,Z,B/Z,6.871794871794871,7.715605743693132,0.9,10.0,10.0,0.0,85.0,85.0,0.0,10.186567164179106,10.186567164179106,On target,On target â€” no action needed
SKU_C13,Store_North,B,Z,B/Z,8.058333333333334,9.218907955332284,0.9,12.0,12.0,0.0,132.0,132.0,0.0,10.423991726990693,10.423991726990693,On target,On target â€” no action needed
SKU_C13,Store_South,B,Z,B/Z,6.783333333333333,7.287184336597748,0.9,9.0,9.0,0.0,99.0,99.0,0.0,9.287469287469289,9.287469287469289,On target,On target â€” no action needed
SKU_C13,Store_West,B,Z,B/Z,4.208333333333333,4.533019290593069,0.9,9.0,9.0,0.0,99.0,99.0,0.0,14.970297029702971,14.970297029702971,On target,On target â€” no action needed
SKU_C14,Store_Central,B,Z,B/Z,8.6,10.422251836015732,0.9,11.0,11.0,0.0,165.0,165.0,0.0,8.953488372093023,8.953488372093023,On target,On target â€” no action needed
SKU_C14,Store_East,B,Z,B/Z,5.675,7.0971385078776645,0.9,11.0,11.0,0.0,165.0,165.0,0.0,13.568281938325992,13.568281938325992,On target,On target â€” no action needed
SKU_C14,Store_West,B,Z,B/Z,4.983333333333333,6.366557590688672,0.9,12.0,12.0,0.0,180.0,180.0,0.0,16.8561872909699,16.8561872909699,On target,On target â€” no action needed
SKU_C16,Store_Central,B,Z,B/Z,8.384615384615385,9.410710531905593,0.9,10.0,10.0,0.0,72.0,72.0,0.0,8.34862385321101,8.34862385321101,On target,On target â€” no action needed
SKU_C16,Store_South,B,Z,B/Z,5.666666666666667,5.997150320428191,0.9,8.0,8.0,0.0,57.6,57.6,0.0,9.88235294117647,9.88235294117647,On target,On target â€” no action needed
SKU_C16,Store_West,B,Z,B/Z,4.094017094017094,5.570040288922569,0.9,10.0,10.0,0.0,72.0,72.0,0.0,17.09812108559499,17.09812108559499,On target,On target â€” no action needed
SKU_C19,Store_East,B,Z,B/Z,2.8333333333333335,3.5831395296428084,0.9,6.0,6.0,0.0,108.0,108.0,0.0,14.823529411764707,14.823529411764707,On target,On target â€” no action needed
SKU_C19,Store_North,B,Z,B/Z,3.533333333333333,4.4176414018744845,0.9,6.0,6.0,0.0,108.0,108.0,0.0,11.88679245283019,11.88679245283019,On target,On target â€” no action needed
SKU_C19,Store_South,B,Z,B/Z,2.9,4.1920559792699965,0.9,5.0,5.0,0.0,90.0,90.0,0.0,12.06896551724138,12.06896551724138,On target,On target â€” no action needed
SKU_B13,Store_Central,B,Y,B/Y,59.376068376068375,31.59728607185174,0.9,35.0,36.0,1.0,84.0,86.39999999999999,2.3999999999999915,4.126241543112135,4.244134158629625,On target,On target â€” no action needed
SKU_B20,Store_South,B,Y,B/Y,31.39316239316239,17.04591951320173,0.9,22.0,23.0,1.0,61.599999999999994,64.39999999999999,2.799999999999997,4.905526817315546,5.128505309011707,On target,On target â€” no action needed
SKU_B20,Store_West,B,Y,B/Y,21.102564102564102,11.949598294850086,0.9,24.0,25.0,1.0,67.19999999999999,70.0,2.8000000000000114,7.961117861482382,8.292831105710814,On target,On target â€” no action needed
SKU_C04,Store_East,B,Y,B/Y,14.17094017094017,11.854019909084322,0.9,18.0,19.0,1.0,81.0,85.5,4.5,8.891435464414958,9.3854041013269,On target,On target â€” no action needed
SKU_C04,Store_South,B,Y,B/Y,15.478632478632479,14.372099211205123,0.9,18.0,19.0,1.0,81.0,85.5,4.5,8.140254003313085,8.59249033683048,On target,On target â€” no action needed
SKU_C10,Store_North,B,Y,B/Y,12.52991452991453,11.630767220890505,0.9,14.0,15.0,1.0,77.0,82.5,5.5,7.8212824010914055,8.379945429740792,On target,On target â€” no action needed
SKU_C16,Store_North,B,Z,B/Z,8.811965811965813,12.995680823535457,0.9,16.0,17.0,1.0,115.2,122.4,7.200000000000003,12.709990300678951,13.504364694471386,On target,On target â€” no action needed
SKU_C13,Store_East,B,Z,B/Z,4.908333333333333,5.673029515954319,0.9,8.0,9.0,1.0,88.0,99.0,11.0,11.409168081494059,12.835314091680814,On target,On target â€” no action needed
SKU_C14,Store_North,B,Z,B/Z,7.866666666666666,9.141419777887654,0.9,11.0,12.0,1.0,165.0,180.0,15.0,9.788135593220339,10.677966101694917,On target,On target â€” no action needed
SKU_C19,Store_Central,B,Z,B/Z,4.783333333333333,6.242573365385642,0.9,6.0,7.0,1.0,108.0,126.0,18.0,8.78048780487805,10.24390243902439,Under-buffered,Increase SS â€” stockout risk
SKU_C25,Store_North,C,Z,C/Z,1.9416666666666667,2.2850814476123653,0.85,4.0,2.0,-2.0,88.0,44.0,-44.0,14.420600858369099,7.210300429184549,Over-buffered,Reduce SS â€” free up working capital
SKU_C24,Store_North,C,Z,C/Z,3.6837606837606836,4.266044771683696,0.85,6.0,4.0,-2.0,66.0,44.0,-22.0,11.40139211136891,7.60092807424594,Over-buffered,Reduce SS â€” free up working capital
SKU_C25,Store_Central,C,Z,C/Z,2.341666666666667,3.6640047155476694,0.85,4.0,3.0,-1.0,88.0,66.0,-22.0,11.95729537366548,8.967971530249109,Over-buffered,Reduce SS â€” free up working capital
SKU_C25,Store_West,C,Z,C/Z,1.3166666666666667,2.247158699830126,0.85,4.0,3.0,-1.0,88.0,66.0,-22.0,21.265822784810126,15.949367088607596,Over-buffered,Reduce SS â€” free up working capital
SKU_C21,Store_East,C,Z,C/Z,3.097560975609756,3.6834382889354615,0.85,7.0,5.0,-2.0,62.300000000000004,44.5,-17.800000000000004,15.818897637795276,11.299212598425196,Over-buffered,Reduce SS â€” free up working capital
SKU_C15,Store_South,C,Z,C/Z,5.016260162601626,5.8905791395228775,0.85,8.0,6.0,-2.0,54.4,40.8,-13.600000000000001,11.163695299837924,8.372771474878444,Over-buffered,Reduce SS â€” free up working capital
SKU_C15,Store_North,C,Z,C/Z,6.065040650406504,7.137146428698868,0.85,9.0,7.0,-2.0,61.199999999999996,47.6,-13.599999999999994,10.38739946380697,8.079088471849866,Over-buffered,Reduce SS â€” free up working capital
SKU_C17,Store_North,C,Z,C/Z,4.615384615384615,6.484493210922373,0.85,8.0,7.0,-1.0,76.0,66.5,-9.5,12.133333333333333,10.616666666666667,On target,On target â€” no action needed
SKU_C21,Store_Central,C,Z,C/Z,4.878048780487805,5.164899303048278,0.85,6.0,5.0,-1.0,53.400000000000006,44.5,-8.900000000000006,8.61,7.175000000000001,On target,On target â€” no action needed
SKU_C21,Store_West,C,Z,C/Z,2.6178861788617884,3.3798069055423956,0.85,6.0,5.0,-1.0,53.400000000000006,44.5,-8.900000000000006,16.043478260869566,13.369565217391305,On target,On target â€” no action needed
SKU_C15,Store_East,C,Z,C/Z,5.211382113821138,6.304279141038678,0.85,9.0,8.0,-1.0,61.199999999999996,54.4,-6.799999999999997,12.088923556942278,10.745709828393137,On target,On target â€” no action needed
SKU_C22,Store_Central,C,Z,C/Z,7.7560975609756095,7.1423863191474934,0.85,7.0,6.0,-1.0,38.5,33.0,-5.5,6.317610062893082,5.415094339622642,On target,On target â€” no action needed
SKU_C22,Store_West,C,Z,C/Z,3.130081300813008,2.995821886207186,0.85,6.0,5.0,-1.0,33.0,27.5,-5.5,13.41818181818182,11.181818181818183,On target,On target â€” no action needed
SKU_C11,Store_South,C,Z,C/Z,5.934959349593496,5.79422173256706,0.85,7.0,6.0,-1.0,34.300000000000004,29.400000000000002,-4.900000000000002,8.256164383561645,7.0767123287671225,On target,On target â€” no action needed
SKU_C11,Store_West,C,Z,C/Z,4.487804878048781,4.073243755735071,0.85,7.0,6.0,-1.0,34.300000000000004,29.400000000000002,-4.900000000000002,10.918478260869565,9.358695652173912,On target,On target â€” no action needed
SKU_C09,Store_Central,C,Y,C/Y,12.24390243902439,11.303889152597954,0.85,10.0,10.0,0.0,38.0,38.0,0.0,5.717131474103585,5.717131474103585,On target,On target â€” no action needed
SKU_C09,Store_East,C,Y,C/Y,8.284552845528456,7.119788437985984,0.85,9.0,9.0,0.0,34.199999999999996,34.199999999999996,0.0,7.604514229636898,7.604514229636898,On target,On target â€” no action needed
SKU_C09,Store_North,C,Y,C/Y,9.560975609756097,8.935310733823094,0.85,9.0,9.0,0.0,34.199999999999996,34.199999999999996,0.0,6.589285714285714,6.589285714285714,On target,On target â€” no action needed
SKU_C09,Store_South,C,Y,C/Y,8.479674796747968,8.271166091436505,0.85,9.0,9.0,0.0,34.199999999999996,34.199999999999996,0.0,7.42953020134228,7.42953020134228,On target,On target â€” no action needed
SKU_C11,Store_Central,C,Z,C/Z,10.959349593495935,10.064344512747976,0.85,9.0,9.0,0.0,44.1,44.1,0.0,5.748516320474778,5.748516320474778,On target,On target â€” no action needed
SKU_C11,Store_East,C,Z,C/Z,5.699186991869919,6.309026904145296,0.85,8.0,8.0,0.0,39.2,39.2,0.0,9.825962910128387,9.825962910128387,On target,On target â€” no action needed
SKU_C11,Store_North,C,Z,C/Z,9.463414634146341,10.412072951003639,0.85,11.0,11.0,0.0,53.900000000000006,53.900000000000006,0.0,8.13659793814433,8.13659793814433,On target,On target â€” no action needed
SKU_C15,Store_Central,C,Z,C/Z,8.94308943089431,10.365123519638729,0.85,9.0,9.0,0.0,61.199999999999996,61.199999999999996,0.0,7.044545454545455,7.044545454545455,On target,On target â€” no action needed
SKU_C15,Store_West,C,Z,C/Z,3.8536585365853657,5.20113015678256,0.85,8.0,8.0,0.0,54.4,54.4,0.0,14.531645569620252,14.531645569620252,On target,On target â€” no action needed
SKU_C17,Store_South,C,Z,C/Z,4.6068376068376065,5.923958691657637,0.85,6.0,6.0,0.0,57.0,57.0,0.0,9.116883116883118,9.116883116883118,On target,On target â€” no action needed
SKU_C17,Store_West,C,Z,C/Z,3.0,3.559026084010437,0.85,5.0,5.0,0.0,47.5,47.5,0.0,11.666666666666668,11.666666666666668,On target,On target â€” no action needed
SKU_C18,Store_Central,C,Z,C/Z,5.959349593495935,6.0571779282946725,0.85,5.0,5.0,0.0,21.0,21.0,0.0,5.8731241473397,5.8731241473397,On target,On target â€” no action needed
SKU_C18,Store_East,C,Z,C/Z,3.3983739837398375,3.852440547118054,0.85,5.0,5.0,0.0,21.0,21.0,0.0,10.299043062200958,10.299043062200958,On target,On target â€” no action needed
SKU_C18,Store_North,C,Z,C/Z,6.0,6.731795686942059,0.85,7.0,7.0,0.0,29.400000000000002,29.400000000000002,0.0,8.166666666666668,8.166666666666668,On target,On target â€” no action needed
SKU_C18,Store_South,C,Z,C/Z,3.991869918699187,4.473037444855437,0.85,5.0,5.0,0.0,21.0,21.0,0.0,8.767820773930755,8.767820773930755,On target,On target â€” no action needed
SKU_C18,Store_West,C,Z,C/Z,3.4878048780487805,4.460059158998321,0.85,7.0,7.0,0.0,29.400000000000002,29.400000000000002,0.0,14.04895104895105,14.04895104895105,On target,On target â€” no action needed
SKU_C20,Store_Central,C,Z,C/Z,3.775,5.518850272777232,0.85,5.0,5.0,0.0,70.0,70.0,0.0,9.271523178807948,9.271523178807948,On target,On target â€” no action needed
SKU_C20,Store_East,C,Z,C/Z,2.283333333333333,2.898802434722925,0.85,4.0,4.0,0.0,56.0,56.0,0.0,12.262773722627738,12.262773722627738,On target,On target â€” no action needed
SKU_C20,Store_North,C,Z,C/Z,3.8,5.190696806145908,0.85,5.0,5.0,0.0,70.0,70.0,0.0,9.210526315789474,9.210526315789474,On target,On target â€” no action needed
SKU_C20,Store_South,C,Z,C/Z,2.925,3.877633513712541,0.85,4.0,4.0,0.0,56.0,56.0,0.0,9.572649572649572,9.572649572649572,On target,On target â€” no action needed
SKU_C21,Store_North,C,Z,C/Z,6.430894308943089,6.80157956404725,0.85,7.0,7.0,0.0,62.300000000000004,62.300000000000004,0.0,7.619469026548673,7.619469026548673,On target,On target â€” no action needed
SKU_C21,Store_South,C,Z,C/Z,3.16260162601626,3.6767208431388068,0.85,4.0,4.0,0.0,35.6,35.6,0.0,8.853470437017995,8.853470437017995,On target,On target â€” no action needed
SKU_C22,Store_East,C,Z,C/Z,4.260162601626016,4.359528202962163,0.85,6.0,6.0,0.0,33.0,33.0,0.0,9.8587786259542,9.8587786259542,On target,On target â€” no action needed
SKU_C22,Store_North,C,Z,C/Z,6.357723577235772,7.534344217340954,0.85,8.0,8.0,0.0,44.0,44.0,0.0,8.808184143222507,8.808184143222507,On target,On target â€” no action needed
SKU_C23,Store_East,C,Z,C/Z,3.9743589743589745,4.781484121175342,0.85,6.0,6.0,0.0,36.599999999999994,36.599999999999994,0.0,10.56774193548387,10.56774193548387,On target,On target â€” no action needed
SKU_C23,Store_North,C,Z,C/Z,5.957264957264957,7.264705878003611,0.85,8.0,8.0,0.0,48.8,48.8,0.0,9.40028694404591,9.40028694404591,On target,On target â€” no action needed
SKU_C24,Store_Central,C,Z,C/Z,3.6666666666666665,4.286731665974484,0.85,4.0,4.0,0.0,44.0,44.0,0.0,7.636363636363638,7.636363636363638,On target,On target â€” no action needed
SKU_C24,Store_East,C,Z,C/Z,3.1709401709401708,3.8658942603643367,0.85,5.0,5.0,0.0,55.0,55.0,0.0,11.037735849056604,11.037735849056604,On target,On target â€” no action needed
SKU_C24,Store_South,C,Z,C/Z,3.213675213675214,3.5199773208016962,0.85,4.0,4.0,0.0,44.0,44.0,0.0,8.712765957446807,8.712765957446807,On target,On target â€” no action needed
SKU_C24,Store_West,C,Z,C/Z,1.8803418803418803,2.072045907332217,0.85,3.0,3.0,0.0,33.0,33.0,0.0,11.168181818181818,11.168181818181818,On target,On target â€” no action needed
SKU_C25,Store_East,C,Z,C/Z,1.7416666666666667,2.570654369783867,0.85,3.0,3.0,0.0,66.0,66.0,0.0,12.057416267942584,12.057416267942584,On target,On target â€” no action needed
SKU_C25,Store_South,C,Z,C/Z,2.158333333333333,3.913642449460889,0.85,4.0,4.0,0.0,88.0,88.0,0.0,12.972972972972974,12.972972972972974,On target,On target â€” no action needed
SKU_C09,Store_West,C,Y,C/Y,6.894308943089431,6.194428401525627,0.85,9.0,10.0,1.0,34.199999999999996,38.0,3.8000000000000043,9.137971698113208,10.153301886792452,On target,On target â€” no action needed
SKU_C22,Store_South,C,Z,C/Z,5.772357723577236,7.391285803109859,0.85,7.0,8.0,1.0,38.5,44.0,5.5,8.488732394366197,9.701408450704225,On target,On target â€” no action needed
SKU_C23,Store_West,C,Z,C/Z,3.017094017094017,3.8229690568933727,0.85,5.0,6.0,1.0,30.5,36.599999999999994,6.099999999999994,11.60056657223796,13.920679886685553,On target,On target â€” no action needed
SKU_C23,Store_Central,C,Z,C/Z,8.376068376068377,11.224002436572233,0.85,9.0,10.0,1.0,54.9,61.0,6.100000000000001,7.5214285714285705,8.357142857142856,On target,On target â€” no action needed
SKU_C23,Store_South,C,Z,C/Z,5.051282051282051,6.750556993601778,0.85,6.0,7.0,1.0,36.599999999999994,42.699999999999996,6.100000000000001,8.314720812182742,9.700507614213198,On target,On target â€” no action needed
SKU_C17,Store_Central,C,Z,C/Z,6.811965811965812,7.5605042385221575,0.85,6.0,7.0,1.0,57.0,66.5,9.5,6.165621079046424,7.193224592220829,On target,On target â€” no action needed
SKU_C17,Store_East,C,Z,C/Z,3.786324786324786,6.308086060023887,0.85,7.0,8.0,1.0,66.5,76.0,9.5,12.941309255079007,14.790067720090294,On target,On target â€” no action needed
SKU_C20,Store_West,C,Z,C/Z,2.425,3.828973970486959,0.85,5.0,6.0,1.0,70.0,84.0,14.0,14.432989690721651,17.319587628865982,On target,On target â€” no action needed
