sku,location,abc_class,xyz_class,segment,avg_weekly_demand,annual_demand,unit_cost,unit_margin,fill_rate_sim,csl_sim,stockout_prob,units_short_annual,excess_units,exp_shortage_cost,exp_excess_cost,total_expected_loss,risk_type,recommendation
SKU_C07,Store_North,A,Z,A/Z,13.266666666666667,689.8666666666667,12.0,3.6,1.0,1.0,0.0,0.0,17.435897435897438,0.0,83.69230769230771,83.69230769230771,Excess-dominated,Monitor excess — low financial impact
SKU_C02,Store_Central,A,Y,A/Y,23.566666666666663,1225.4666666666665,8.2,2.46,1.0,1.0,0.0,0.0,22.01282051282051,0.0,72.20205128205127,72.20205128205127,Excess-dominated,Monitor excess — low financial impact
SKU_B03,Store_Central,A,Y,A/Y,83.91452991452991,4363.555555555555,2.5,0.75,1.0,1.0,0.0,0.0,70.16025641025641,0.0,70.16025641025641,70.16025641025641,Excess-dominated,Monitor excess — low financial impact
SKU_C07,Store_Central,A,Z,A/Z,15.658333333333331,814.2333333333332,12.0,3.6,1.0,1.0,0.0,0.0,13.391025641025642,0.0,64.27692307692308,64.27692307692308,Excess-dominated,Monitor excess — low financial impact
SKU_C07,Store_East,A,Z,A/Z,8.716666666666667,453.26666666666665,12.0,3.6,1.0,1.0,0.0,0.0,13.108974358974358,0.0,62.92307692307692,62.92307692307692,Excess-dominated,Monitor excess — low financial impact
SKU_C01,Store_North,A,Y,A/Y,23.866666666666667,1241.0666666666666,7.5,2.25,1.0,1.0,0.0,0.0,20.62820512820513,0.0,61.884615384615394,61.884615384615394,Excess-dominated,Monitor excess — low financial impact
SKU_A12,Store_West,A,X,A/X,74.64957264957265,3881.777777777778,2.2,0.66,1.0,1.0,0.0,0.0,64.14102564102564,0.0,56.444102564102565,56.444102564102565,Excess-dominated,Monitor excess — low financial impact
SKU_C01,Store_Central,A,Y,A/Y,30.066666666666663,1563.4666666666665,7.5,2.25,1.0,1.0,0.0,0.0,18.608974358974358,0.0,55.82692307692307,55.82692307692307,Excess-dominated,Monitor excess — low financial impact
SKU_B06,Store_East,A,Y,A/Y,45.36585365853659,2359.0243902439024,3.2,0.96,1.0,1.0,0.0,0.0,43.42307692307692,0.0,55.58153846153846,55.58153846153846,Excess-dominated,Monitor excess — low financial impact
SKU_A03,Store_West,A,X,A/X,90.72357723577235,4717.626016260162,2.1,0.63,1.0,1.0,0.0,0.0,65.41666666666666,0.0,54.95,54.95,Excess-dominated,Monitor excess — low financial impact
SKU_A12,Store_East,A,X,A/X,87.47863247863248,4548.888888888889,2.2,0.66,1.0,1.0,0.0,0.0,61.891025641025635,0.0,54.46410256410257,54.46410256410257,Excess-dominated,Monitor excess — low financial impact
SKU_A13,Store_West,A,X,A/X,65.0,3380.0,3.5,1.05,1.0,1.0,0.0,0.0,38.269230769230774,0.0,53.57692307692309,53.57692307692309,Excess-dominated,Monitor excess — low financial impact
SKU_A03,Store_North,A,X,A/X,166.89430894308944,8678.504065040652,2.1,0.63,1.0,1.0,0.0,0.0,63.21794871794873,0.0,53.10307692307694,53.10307692307694,Excess-dominated,Monitor excess — low financial impact
SKU_A01,Store_North,A,X,A/X,229.2113821138212,11918.991869918702,1.25,0.38,1.0,1.0,0.0,0.0,105.96153846153845,0.0,52.980769230769226,52.980769230769226,Excess-dominated,Monitor excess — low financial impact
SKU_C06,Store_West,A,Y,A/Y,9.75,507.0,9.8,2.94,1.0,1.0,0.0,0.0,13.410256410256409,0.0,52.56820512820513,52.56820512820513,Excess-dominated,Monitor excess — low financial impact
SKU_A03,Store_Central,A,X,A/X,182.6829268292683,9499.512195121952,2.1,0.63,1.0,1.0,0.0,0.0,62.37820512820514,0.0,52.397692307692324,52.397692307692324,Excess-dominated,Monitor excess — low financial impact
SKU_A11,Store_North,A,X,A/X,143.67521367521368,7471.111111111111,1.8,0.54,1.0,1.0,0.0,0.0,72.25641025641025,0.0,52.02461538461538,52.02461538461538,Excess-dominated,Monitor excess — low financial impact
SKU_A11,Store_West,A,X,A/X,78.56410256410257,4085.3333333333335,1.8,0.54,1.0,1.0,0.0,0.0,71.30128205128204,0.0,51.33692307692308,51.33692307692308,Excess-dominated,Monitor excess — low financial impact
SKU_C06,Store_North,A,Y,A/Y,13.4,696.8000000000001,9.8,2.94,1.0,1.0,0.0,0.0,12.865384615384617,0.0,50.4323076923077,50.4323076923077,Excess-dominated,Monitor excess — low financial impact
SKU_C02,Store_East,A,Y,A/Y,12.791666666666666,665.1666666666666,8.2,2.46,1.0,1.0,0.0,0.0,15.28846153846154,0.0,50.14615384615385,50.14615384615385,Excess-dominated,Monitor excess — low financial impact
SKU_B10,Store_North,A,X,A/X,50.266666666666666,2613.866666666667,4.2,1.26,1.0,1.0,0.0,0.0,29.76282051282051,0.0,50.001538461538466,50.001538461538466,Excess-dominated,Monitor excess — low financial impact
SKU_A03,Store_East,A,X,A/X,110.82113821138212,5762.69918699187,2.1,0.63,1.0,1.0,0.0,0.0,58.737179487179475,0.0,49.33923076923077,49.33923076923077,Excess-dominated,Monitor excess — low financial impact
SKU_C07,Store_South,A,Z,A/Z,10.791666666666666,561.1666666666666,12.0,3.6,1.0,1.0,0.0,0.0,10.166666666666668,0.0,48.80000000000001,48.80000000000001,Excess-dominated,Monitor excess — low financial impact
SKU_A12,Store_North,A,X,A/X,127.76068376068376,6643.555555555556,2.2,0.66,1.0,1.0,0.0,0.0,55.00641025641025,0.0,48.405641025641025,48.405641025641025,Excess-dominated,Monitor excess — low financial impact
SKU_C13,Store_Central,B,Z,B/Z,7.641666666666667,397.3666666666667,11.0,3.3,1.0,1.0,0.0,0.0,10.967948717948719,0.0,48.25897435897437,48.25897435897437,Excess-dominated,Monitor excess — low financial impact
SKU_A13,Store_East,A,X,A/X,79.01666666666667,4108.866666666667,3.5,1.05,1.0,1.0,0.0,0.0,34.44871794871794,0.0,48.22820512820512,48.22820512820512,Excess-dominated,Monitor excess — low financial impact
SKU_B19,Store_Central,A,Y,A/Y,33.525,1743.3,5.2,1.56,1.0,1.0,0.0,0.0,23.166666666666664,0.0,48.18666666666667,48.18666666666667,Excess-dominated,Monitor excess — low financial impact
SKU_C02,Store_West,A,Y,A/Y,9.591666666666669,498.76666666666677,8.2,2.46,1.0,1.0,0.0,0.0,14.557692307692307,0.0,47.74923076923076,47.74923076923076,Excess-dominated,Monitor excess — low financial impact
SKU_B04,Store_South,A,Y,A/Y,61.95726495726496,3221.777777777778,1.9,0.57,1.0,1.0,0.0,0.0,62.121794871794876,0.0,47.2125641025641,47.2125641025641,Excess-dominated,Monitor excess — low financial impact
SKU_B06,Store_Central,A,Y,A/Y,74.03252032520325,3849.691056910569,3.2,0.96,1.0,1.0,0.0,0.0,36.63461538461539,0.0,46.892307692307696,46.892307692307696,Excess-dominated,Monitor excess — low financial impact
SKU_B03,Store_North,A,Y,A/Y,75.28205128205128,3914.666666666667,2.5,0.75,1.0,1.0,0.0,0.0,46.608974358974365,0.0,46.608974358974365,46.608974358974365,Excess-dominated,Monitor excess — low financial impact
SKU_C02,Store_North,A,Y,A/Y,19.0,988.0,8.2,2.46,1.0,1.0,0.0,0.0,14.108974358974358,0.0,46.27743589743589,46.27743589743589,Excess-dominated,Monitor excess — low financial impact
SKU_B05,Store_Central,A,Y,A/Y,80.54471544715447,4188.325203252032,2.8,0.84,1.0,1.0,0.0,0.0,41.30769230769231,0.0,46.26461538461538,46.26461538461538,Excess-dominated,Monitor excess — low financial impact
SKU_C01,Store_West,A,Y,A/Y,13.283333333333331,690.7333333333332,7.5,2.25,1.0,1.0,0.0,0.0,15.358974358974358,0.0,46.07692307692307,46.07692307692307,Excess-dominated,Monitor excess — low financial impact
SKU_B19,Store_North,A,Y,A/Y,33.458333333333336,1739.8333333333335,5.2,1.56,1.0,1.0,0.0,0.0,22.083333333333336,0.0,45.93333333333334,45.93333333333334,Excess-dominated,Monitor excess — low financial impact
SKU_C03,Store_East,B,Z,B/Z,12.878048780487806,669.6585365853659,5.8,1.74,1.0,1.0,0.0,0.0,19.77564102564103,0.0,45.87948717948719,45.87948717948719,Excess-dominated,Monitor excess — low financial impact
SKU_C03,Store_Central,B,Z,B/Z,22.15447154471545,1152.0325203252032,5.8,1.74,1.0,1.0,0.0,0.0,19.73717948717949,0.0,45.79025641025642,45.79025641025642,Excess-dominated,Monitor excess — low financial impact
SKU_B11,Store_Central,A,X,A/X,54.075,2811.9,4.8,1.44,1.0,1.0,0.0,0.0,23.77564102564103,0.0,45.649230769230776,45.649230769230776,Excess-dominated,Monitor excess — low financial impact
SKU_C06,Store_Central,A,Y,A/Y,14.7,764.4,9.8,2.94,1.0,1.0,0.0,0.0,11.634615384615383,0.0,45.607692307692304,45.607692307692304,Excess-dominated,Monitor excess — low financial impact
SKU_C01,Store_South,A,Y,A/Y,17.666666666666668,918.6666666666667,7.5,2.25,1.0,1.0,0.0,0.0,15.057692307692307,0.0,45.17307692307692,45.17307692307692,Excess-dominated,Monitor excess — low financial impact
SKU_B16,Store_North,A,Y,A/Y,33.90243902439025,1762.9268292682927,3.8,1.14,1.0,1.0,0.0,0.0,29.21153846153846,0.0,44.40153846153846,44.40153846153846,Excess-dominated,Monitor excess — low financial impact
SKU_A12,Store_Central,A,X,A/X,143.26495726495727,7449.777777777778,2.2,0.66,1.0,1.0,0.0,0.0,50.358974358974365,0.0,44.31589743589745,44.31589743589745,Excess-dominated,Monitor excess — low financial impact
SKU_C05,Store_Central,B,Z,B/Z,17.65811965811966,918.2222222222223,6.2,1.86,1.0,1.0,0.0,0.0,17.82692307692308,0.0,44.210769230769245,44.210769230769245,Excess-dominated,Monitor excess — low financial impact
SKU_C14,Store_East,B,Z,B/Z,5.675,295.09999999999997,15.0,4.5,1.0,1.0,0.0,0.0,7.358974358974358,0.0,44.153846153846146,44.153846153846146,Excess-dominated,Monitor excess — low financial impact
SKU_B03,Store_West,A,Y,A/Y,41.20512820512821,2142.666666666667,2.5,0.75,1.0,1.0,0.0,0.0,44.0,0.0,44.0,44.0,Excess-dominated,Monitor excess — low financial impact
SKU_C14,Store_North,B,Z,B/Z,7.866666666666666,409.06666666666666,15.0,4.5,1.0,1.0,0.0,0.0,7.26923076923077,0.0,43.61538461538462,43.61538461538462,Excess-dominated,Monitor excess — low financial impact
SKU_B02,Store_Central,A,Y,A/Y,105.73504273504274,5498.222222222223,2.1,0.63,1.0,1.0,0.0,0.0,51.68589743589743,0.0,43.41615384615385,43.41615384615385,Excess-dominated,Monitor excess — low financial impact
SKU_A03,Store_South,A,X,A/X,130.5609756097561,6789.170731707317,2.1,0.63,1.0,1.0,0.0,0.0,51.42948717948718,0.0,43.20076923076924,43.20076923076924,Excess-dominated,Monitor excess — low financial impact
SKU_A11,Store_East,A,X,A/X,102.44444444444444,5327.111111111111,1.8,0.54,1.0,1.0,0.0,0.0,59.46153846153845,0.0,42.81230769230769,42.81230769230769,Excess-dominated,Monitor excess — low financial impact
SKU_C14,Store_Central,B,Z,B/Z,8.6,447.2,15.0,4.5,1.0,1.0,0.0,0.0,7.108974358974358,0.0,42.653846153846146,42.653846153846146,Excess-dominated,Monitor excess — low financial impact
SKU_A01,Store_Central,A,X,A/X,259.6178861788618,13500.130081300813,1.25,0.38,1.0,1.0,0.0,0.0,85.16025641025641,0.0,42.580128205128204,42.580128205128204,Excess-dominated,Monitor excess — low financial impact
SKU_A01,Store_West,A,X,A/X,124.869918699187,6493.235772357724,1.25,0.38,1.0,1.0,0.0,0.0,85.01923076923077,0.0,42.50961538461539,42.50961538461539,Excess-dominated,Monitor excess — low financial impact
SKU_B06,Store_North,A,Y,A/Y,63.8130081300813,3318.2764227642274,3.2,0.96,1.0,1.0,0.0,0.0,33.108974358974365,0.0,42.37948717948719,42.37948717948719,Excess-dominated,Monitor excess — low financial impact
SKU_C06,Store_South,A,Y,A/Y,11.083333333333334,576.3333333333334,9.8,2.94,1.0,1.0,0.0,0.0,10.78846153846154,0.0,42.29076923076924,42.29076923076924,Excess-dominated,Monitor excess — low financial impact
SKU_C14,Store_West,B,Z,B/Z,4.983333333333333,259.1333333333333,15.0,4.5,1.0,1.0,0.0,0.0,7.03846153846154,0.0,42.23076923076924,42.23076923076924,Excess-dominated,Monitor excess — low financial impact
SKU_C07,Store_West,A,Z,A/Z,6.933333333333334,360.53333333333336,12.0,3.6,1.0,1.0,0.0,0.0,8.75,0.0,42.0,42.0,Excess-dominated,Monitor excess — low financial impact
SKU_A15,Store_East,A,X,A/X,72.96747967479675,3794.308943089431,2.5,0.75,1.0,1.0,0.0,0.0,41.97435897435898,0.0,41.97435897435898,41.97435897435898,Excess-dominated,Monitor excess — low financial impact
SKU_A15,Store_West,A,X,A/X,59.38211382113821,3087.869918699187,2.5,0.75,1.0,1.0,0.0,0.0,41.84615384615384,0.0,41.84615384615384,41.84615384615384,Excess-dominated,Monitor excess — low financial impact
SKU_C01,Store_East,A,Y,A/Y,16.475,856.7,7.5,2.25,1.0,1.0,0.0,0.0,13.878205128205131,0.0,41.634615384615394,41.634615384615394,Excess-dominated,Monitor excess — low financial impact
SKU_B07,Store_East,A,Y,A/Y,42.707317073170735,2220.7804878048782,2.9,0.87,1.0,1.0,0.0,0.0,35.86538461538461,0.0,41.60384615384615,41.60384615384615,Excess-dominated,Monitor excess — low financial impact
SKU_B03,Store_East,A,Y,A/Y,50.64957264957265,2633.777777777778,2.5,0.75,1.0,1.0,0.0,0.0,41.38461538461539,0.0,41.38461538461539,41.38461538461539,Excess-dominated,Monitor excess — low financial impact
SKU_A15,Store_Central,A,X,A/X,123.54471544715447,6424.325203252032,2.5,0.75,1.0,1.0,0.0,0.0,41.33974358974359,0.0,41.33974358974359,41.33974358974359,Excess-dominated,Monitor excess — low financial impact
SKU_A15,Store_South,A,X,A/X,86.7479674796748,4510.8943089430895,2.5,0.75,1.0,1.0,0.0,0.0,41.32051282051282,0.0,41.32051282051282,41.32051282051282,Excess-dominated,Monitor excess — low financial impact
SKU_B04,Store_North,A,Y,A/Y,70.63247863247864,3672.888888888889,1.9,0.57,1.0,1.0,0.0,0.0,54.3525641025641,0.0,41.30794871794872,41.30794871794872,Excess-dominated,Monitor excess — low financial impact
SKU_C14,Store_South,B,Z,B/Z,5.733333333333333,298.1333333333333,15.0,4.5,1.0,1.0,0.0,0.0,6.884615384615385,0.0,41.307692307692314,41.307692307692314,Excess-dominated,Monitor excess — low financial impact
SKU_C06,Store_East,A,Y,A/Y,9.383333333333333,487.9333333333333,9.8,2.94,1.0,1.0,0.0,0.0,10.51923076923077,0.0,41.235384615384625,41.235384615384625,Excess-dominated,Monitor excess — low financial impact
SKU_A11,Store_Central,A,X,A/X,164.97435897435898,8578.666666666666,1.8,0.54,1.0,1.0,0.0,0.0,57.25,0.0,41.22,41.22,Excess-dominated,Monitor excess — low financial impact
SKU_C25,Store_North,C,Z,C/Z,1.9416666666666669,100.96666666666668,22.0,6.6,1.0,1.0,0.0,0.0,4.673076923076923,0.0,41.12307692307693,41.12307692307693,Excess-dominated,Reduce SS and ROP — trapped capital on low-value item
SKU_B07,Store_Central,A,Y,A/Y,74.44715447154472,3871.2520325203254,2.9,0.87,1.0,1.0,0.0,0.0,35.44230769230769,0.0,41.113076923076925,41.113076923076925,Excess-dominated,Monitor excess — low financial impact
SKU_B12,Store_North,A,Y,A/Y,45.175,2349.1,3.9,1.17,1.0,1.0,0.0,0.0,26.333333333333336,0.0,41.080000000000005,41.080000000000005,Excess-dominated,Monitor excess — low financial impact
SKU_C03,Store_South,B,Z,B/Z,14.772357723577237,768.1626016260163,5.8,1.74,1.0,1.0,0.0,0.0,17.506410256410255,0.0,40.61487179487179,40.61487179487179,Excess-dominated,Monitor excess — low financial impact
SKU_B11,Store_West,A,X,A/X,24.558333333333334,1277.0333333333333,4.8,1.44,1.0,1.0,0.0,0.0,21.08974358974359,0.0,40.4923076923077,40.4923076923077,Excess-dominated,Monitor excess — low financial impact
SKU_B02,Store_East,A,Y,A/Y,62.84615384615385,3268.0,2.1,0.63,1.0,1.0,0.0,0.0,47.80128205128206,0.0,40.15307692307693,40.15307692307693,Excess-dominated,Monitor excess — low financial impact
SKU_B06,Store_South,A,Y,A/Y,59.235772357723576,3080.260162601626,3.2,0.96,1.0,1.0,0.0,0.0,31.211538461538467,0.0,39.95076923076925,39.95076923076925,Excess-dominated,Monitor excess — low financial impact
SKU_A11,Store_South,A,X,A/X,116.05128205128206,6034.666666666667,1.8,0.54,1.0,1.0,0.0,0.0,54.93589743589743,0.0,39.55384615384615,39.55384615384615,Excess-dominated,Monitor excess — low financial impact
SKU_A09,Store_North,A,X,A/X,181.04273504273505,9414.222222222223,1.2,0.36,1.0,1.0,0.0,0.0,82.33974358974359,0.0,39.52307692307693,39.52307692307693,Excess-dominated,Monitor excess — low financial impact
SKU_C12,Store_East,B,Z,B/Z,5.837606837606837,303.55555555555554,8.5,2.55,1.0,1.0,0.0,0.0,11.564102564102566,0.0,39.317948717948724,39.317948717948724,Excess-dominated,Monitor excess — low financial impact
SKU_A02,Store_East,A,X,A/X,134.0487804878049,6970.536585365854,1.4,0.42,1.0,1.0,0.0,0.0,70.17948717948718,0.0,39.30051282051282,39.30051282051282,Excess-dominated,Monitor excess — low financial impact
SKU_A15,Store_North,A,X,A/X,113.95934959349592,5925.886178861788,2.5,0.75,1.0,1.0,0.0,0.0,39.269230769230774,0.0,39.269230769230774,39.269230769230774,Excess-dominated,Monitor excess — low financial impact
SKU_B15,Store_Central,A,Y,A/Y,40.55,2108.6,5.5,1.65,1.0,1.0,0.0,0.0,17.82692307692308,0.0,39.219230769230776,39.219230769230776,Excess-dominated,Monitor excess — low financial impact
SKU_A07,Store_West,A,X,A/X,96.46341463414636,5016.097560975611,1.5,0.45,1.0,1.0,0.0,0.0,65.13461538461539,0.0,39.080769230769235,39.080769230769235,Excess-dominated,Monitor excess — low financial impact
SKU_A02,Store_West,A,X,A/X,107.46341463414636,5588.097560975611,1.4,0.42,1.0,1.0,0.0,0.0,69.60897435897436,0.0,38.981025641025646,38.981025641025646,Excess-dominated,Monitor excess — low financial impact
SKU_A02,Store_Central,A,X,A/X,221.85365853658536,11536.390243902439,1.4,0.42,1.0,1.0,0.0,0.0,69.35897435897436,0.0,38.841025641025645,38.841025641025645,Excess-dominated,Monitor excess — low financial impact
SKU_C02,Store_South,A,Y,A/Y,15.408333333333331,801.2333333333332,8.2,2.46,1.0,1.0,0.0,0.0,11.833333333333332,0.0,38.81333333333333,38.81333333333333,Excess-dominated,Monitor excess — low financial impact
SKU_B02,Store_North,A,Y,A/Y,97.77777777777776,5084.444444444443,2.1,0.63,1.0,1.0,0.0,0.0,46.13461538461539,0.0,38.753076923076925,38.753076923076925,Excess-dominated,Monitor excess — low financial impact
SKU_A12,Store_South,A,X,A/X,100.31623931623932,5216.444444444444,2.2,0.66,1.0,1.0,0.0,0.0,44.032051282051285,0.0,38.748205128205136,38.748205128205136,Excess-dominated,Monitor excess — low financial impact
SKU_A09,Store_West,A,X,A/X,102.90598290598292,5351.111111111112,1.2,0.36,1.0,1.0,0.0,0.0,80.11538461538461,0.0,38.45538461538462,38.45538461538462,Excess-dominated,Monitor excess — low financial impact
SKU_C19,Store_West,B,Z,B/Z,2.0166666666666666,104.86666666666666,18.0,5.4,1.0,1.0,0.0,0.0,5.339743589743589,0.0,38.44615384615385,38.44615384615385,Excess-dominated,Monitor excess — low financial impact
SKU_B15,Store_West,A,Y,A/Y,19.558333333333334,1017.0333333333333,5.5,1.65,1.0,1.0,0.0,0.0,17.397435897435898,0.0,38.274358974358975,38.274358974358975,Excess-dominated,Monitor excess — low financial impact
SKU_B11,Store_East,A,X,A/X,31.416666666666668,1633.6666666666667,4.8,1.44,1.0,1.0,0.0,0.0,19.91025641025641,0.0,38.2276923076923,38.2276923076923,Excess-dominated,Monitor excess — low financial impact
SKU_A07,Store_Central,A,X,A/X,201.0569105691057,10454.959349593497,1.5,0.45,1.0,1.0,0.0,0.0,62.84615384615384,0.0,37.707692307692305,37.707692307692305,Excess-dominated,Monitor excess — low financial impact
SKU_A13,Store_Central,A,X,A/X,132.20833333333334,6874.833333333334,3.5,1.05,1.0,1.0,0.0,0.0,26.90384615384616,0.0,37.665384615384625,37.665384615384625,Excess-dominated,Monitor excess — low financial impact
SKU_B11,Store_North,A,X,A/X,45.69166666666667,2375.9666666666667,4.8,1.44,1.0,1.0,0.0,0.0,19.608974358974358,0.0,37.64923076923076,37.64923076923076,Excess-dominated,Monitor excess — low financial impact
SKU_B10,Store_Central,A,X,A/X,61.725,3209.7000000000003,4.2,1.26,1.0,1.0,0.0,0.0,22.384615384615387,0.0,37.60615384615385,37.60615384615385,Excess-dominated,Monitor excess — low financial impact
SKU_C03,Store_North,B,Z,B/Z,18.130081300813007,942.7642276422764,5.8,1.74,1.0,1.0,0.0,0.0,16.205128205128204,0.0,37.595897435897434,37.595897435897434,Excess-dominated,Monitor excess — low financial impact
SKU_B10,Store_East,A,X,A/X,34.3,1783.6,4.2,1.26,1.0,1.0,0.0,0.0,22.192307692307693,0.0,37.283076923076926,37.283076923076926,Excess-dominated,Monitor excess — low financial impact
SKU_C05,Store_North,B,Z,B/Z,15.709401709401709,816.8888888888888,6.2,1.86,1.0,1.0,0.0,0.0,15.006410256410255,0.0,37.21589743589743,37.21589743589743,Excess-dominated,Monitor excess — low financial impact
SKU_B07,Store_North,A,Y,A/Y,64.00813008130082,3328.422764227643,2.9,0.87,1.0,1.0,0.0,0.0,31.974358974358978,0.0,37.090256410256416,37.090256410256416,Excess-dominated,Monitor excess — low financial impact
SKU_B12,Store_Central,A,Y,A/Y,51.94166666666667,2700.9666666666667,3.9,1.17,1.0,1.0,0.0,0.0,23.641025641025642,0.0,36.88,36.88,Excess-dominated,Monitor excess — low financial impact
SKU_B07,Store_West,A,Y,A/Y,32.97560975609756,1714.7317073170732,2.9,0.87,1.0,1.0,0.0,0.0,31.58333333333333,0.0,36.63666666666666,36.63666666666666,Excess-dominated,Monitor excess — low financial impact
SKU_A01,Store_East,A,X,A/X,156.0,8112.0,1.25,0.38,1.0,1.0,0.0,0.0,72.60256410256412,0.0,36.30128205128206,36.30128205128206,Excess-dominated,Monitor excess — low financial impact
SKU_A05,Store_West,A,X,A/X,138.73170731707316,7214.048780487804,1.1,0.33,1.0,1.0,0.0,0.0,82.17948717948718,0.0,36.15897435897437,36.15897435897437,Excess-dominated,Monitor excess — low financial impact
SKU_C08,Store_North,B,Z,B/Z,11.48780487804878,597.3658536585365,7.2,2.16,1.0,1.0,0.0,0.0,12.5,0.0,36.0,36.0,Excess-dominated,Monitor excess — low financial impact
SKU_B05,Store_North,A,Y,A/Y,70.40650406504065,3661.1382113821137,2.8,0.84,1.0,1.0,0.0,0.0,32.128205128205124,0.0,35.98358974358974,35.98358974358974,Excess-dominated,Monitor excess — low financial impact
SKU_B15,Store_North,A,Y,A/Y,34.15833333333333,1776.2333333333331,5.5,1.65,1.0,1.0,0.0,0.0,16.333333333333336,0.0,35.93333333333334,35.93333333333334,Excess-dominated,Monitor excess — low financial impact
SKU_B05,Store_East,A,Y,A/Y,48.34146341463415,2513.756097560976,2.8,0.84,1.0,1.0,0.0,0.0,32.019230769230774,0.0,35.861538461538466,35.861538461538466,Excess-dominated,Monitor excess — low financial impact
SKU_A05,Store_Central,A,X,A/X,276.7154471544715,14389.20325203252,1.1,0.33,1.0,1.0,0.0,0.0,81.11538461538461,0.0,35.690769230769234,35.690769230769234,Excess-dominated,Monitor excess — low financial impact
SKU_B15,Store_South,A,Y,A/Y,27.541666666666668,1432.1666666666667,5.5,1.65,1.0,1.0,0.0,0.0,16.147435897435898,0.0,35.524358974358975,35.524358974358975,Excess-dominated,Monitor excess — low financial impact
SKU_C05,Store_South,B,Z,B/Z,11.333333333333334,589.3333333333334,6.2,1.86,1.0,1.0,0.0,0.0,14.217948717948719,0.0,35.26051282051283,35.26051282051283,Excess-dominated,Monitor excess — low financial impact
SKU_C13,Store_North,B,Z,B/Z,8.058333333333334,419.03333333333336,11.0,3.3,1.0,1.0,0.0,0.0,7.935897435897434,0.0,34.91794871794871,34.91794871794871,Excess-dominated,Monitor excess — low financial impact
SKU_B19,Store_West,A,Y,A/Y,19.25,1001.0,5.2,1.56,1.0,1.0,0.0,0.0,16.705128205128204,0.0,34.74666666666666,34.74666666666666,Excess-dominated,Monitor excess — low financial impact
SKU_B16,Store_Central,A,Y,A/Y,37.02439024390244,1925.2682926829268,3.8,1.14,1.0,1.0,0.0,0.0,22.679487179487182,0.0,34.47282051282052,34.47282051282052,Excess-dominated,Monitor excess — low financial impact
SKU_B10,Store_South,A,X,A/X,43.425,2258.1,4.2,1.26,1.0,1.0,0.0,0.0,20.5,0.0,34.440000000000005,34.440000000000005,Excess-dominated,Monitor excess — low financial impact
SKU_A07,Store_East,A,X,A/X,123.9349593495935,6444.617886178862,1.5,0.45,1.0,1.0,0.0,0.0,57.19230769230768,0.0,34.31538461538461,34.31538461538461,Excess-dominated,Monitor excess — low financial impact
SKU_B20,Store_Central,B,Y,B/Y,40.91452991452992,2127.555555555556,2.8,0.84,1.0,1.0,0.0,0.0,30.62820512820513,0.0,34.30358974358975,34.30358974358975,Excess-dominated,Monitor excess — low financial impact
SKU_B04,Store_Central,A,Y,A/Y,86.57264957264957,4501.777777777777,1.9,0.57,1.0,1.0,0.0,0.0,45.08333333333333,0.0,34.26333333333333,34.26333333333333,Excess-dominated,Monitor excess — low financial impact
SKU_A13,Store_North,A,X,A/X,118.6,6167.2,3.5,1.05,1.0,1.0,0.0,0.0,24.27564102564103,0.0,33.98589743589744,33.98589743589744,Excess-dominated,Monitor excess — low financial impact
SKU_B03,Store_South,A,Y,A/Y,60.11965811965812,3126.222222222222,2.5,0.75,1.0,1.0,0.0,0.0,33.967948717948715,0.0,33.96794871794872,33.96794871794872,Excess-dominated,Monitor excess — low financial impact
SKU_A09,Store_South,A,X,A/X,152.81196581196582,7946.222222222223,1.2,0.36,1.0,1.0,0.0,0.0,70.71794871794873,0.0,33.94461538461539,33.94461538461539,Excess-dominated,Monitor excess — low financial impact
SKU_A07,Store_North,A,X,A/X,180.869918699187,9405.235772357724,1.5,0.45,1.0,1.0,0.0,0.0,56.31410256410257,0.0,33.78846153846154,33.78846153846154,Excess-dominated,Monitor excess — low financial impact
SKU_B02,Store_South,A,Y,A/Y,77.21367521367522,4015.1111111111113,2.1,0.63,1.0,1.0,0.0,0.0,40.16666666666667,0.0,33.74,33.74,Excess-dominated,Monitor excess — low financial impact
SKU_B05,Store_West,A,Y,A/Y,35.58536585365854,1850.439024390244,2.8,0.84,1.0,1.0,0.0,0.0,30.019230769230774,0.0,33.62153846153847,33.62153846153847,Excess-dominated,Monitor excess — low financial impact
SKU_B09,Store_North,A,X,A/X,50.375,2619.5,3.5,1.05,1.0,1.0,0.0,0.0,23.94871794871795,0.0,33.52820512820513,33.52820512820513,Excess-dominated,Monitor excess — low financial impact
SKU_B15,Store_East,A,Y,A/Y,23.15833333333333,1204.2333333333331,5.5,1.65,1.0,1.0,0.0,0.0,15.17307692307692,0.0,33.380769230769225,33.380769230769225,Excess-dominated,Monitor excess — low financial impact
SKU_B09,Store_West,A,X,A/X,29.725,1545.7,3.5,1.05,1.0,1.0,0.0,0.0,23.769230769230766,0.0,33.276923076923076,33.276923076923076,Excess-dominated,Monitor excess — low financial impact
SKU_B07,Store_South,A,Y,A/Y,53.00813008130081,2756.4227642276423,2.9,0.87,1.0,1.0,0.0,0.0,28.68589743589743,0.0,33.275641025641015,33.275641025641015,Excess-dominated,Monitor excess — low financial impact
SKU_A05,Store_East,A,X,A/X,172.4471544715447,8967.252032520324,1.1,0.33,1.0,1.0,0.0,0.0,75.59615384615384,0.0,33.262307692307694,33.262307692307694,Excess-dominated,Monitor excess — low financial impact
SKU_A09,Store_Central,A,X,A/X,199.56410256410257,10377.333333333334,1.2,0.36,1.0,1.0,0.0,0.0,69.24358974358975,0.0,33.236923076923084,33.236923076923084,Excess-dominated,Monitor excess — low financial impact
SKU_B10,Store_West,A,X,A/X,26.60833333333333,1383.6333333333332,4.2,1.26,1.0,1.0,0.0,0.0,19.685897435897438,0.0,33.072307692307696,33.072307692307696,Excess-dominated,Monitor excess — low financial impact
SKU_B11,Store_South,A,X,A/X,36.958333333333336,1921.8333333333335,4.8,1.44,1.0,1.0,0.0,0.0,17.217948717948715,0.0,33.058461538461536,33.058461538461536,Excess-dominated,Monitor excess — low financial impact
SKU_B06,Store_West,A,Y,A/Y,33.6910569105691,1751.9349593495933,3.2,0.96,1.0,1.0,0.0,0.0,25.532051282051285,0.0,32.68102564102565,32.68102564102565,Excess-dominated,Monitor excess — low financial impact
SKU_A07,Store_South,A,X,A/X,144.609756097561,7519.707317073171,1.5,0.45,1.0,1.0,0.0,0.0,54.24358974358974,0.0,32.54615384615385,32.54615384615385,Excess-dominated,Monitor excess — low financial impact
SKU_A09,Store_East,A,X,A/X,126.55555555555556,6580.888888888889,1.2,0.36,1.0,1.0,0.0,0.0,67.71794871794873,0.0,32.50461538461539,32.50461538461539,Excess-dominated,Monitor excess — low financial impact
SKU_C12,Store_West,B,Z,B/Z,4.965811965811966,258.22222222222223,8.5,2.55,1.0,1.0,0.0,0.0,9.506410256410255,0.0,32.32179487179487,32.32179487179487,Excess-dominated,Monitor excess — low financial impact
SKU_A08,Store_East,A,X,A/X,160.82905982905982,8363.11111111111,0.85,0.26,1.0,1.0,0.0,0.0,94.74358974358975,0.0,32.212820512820514,32.212820512820514,Excess-dominated,Monitor excess — low financial impact
SKU_C25,Store_West,C,Z,C/Z,1.3166666666666669,68.46666666666668,22.0,6.6,1.0,1.0,0.0,0.0,3.653846153846154,0.0,32.15384615384615,32.15384615384615,Excess-dominated,Reduce SS and ROP — trapped capital on low-value item
SKU_C08,Store_South,B,Z,B/Z,9.08130081300813,472.2276422764228,7.2,2.16,1.0,1.0,0.0,0.0,11.160256410256409,0.0,32.14153846153846,32.14153846153846,Excess-dominated,Monitor excess — low financial impact
SKU_B19,Store_East,A,Y,A/Y,24.175,1257.1000000000001,5.2,1.56,1.0,1.0,0.0,0.0,15.352564102564102,0.0,31.933333333333334,31.933333333333334,Excess-dominated,Monitor excess — low financial impact
SKU_B01,Store_East,A,X,A/X,69.19658119658119,3598.222222222222,1.6,0.48,1.0,1.0,0.0,0.0,49.58333333333333,0.0,31.733333333333334,31.733333333333334,Excess-dominated,Monitor excess — low financial impact
SKU_B04,Store_West,A,Y,A/Y,40.68376068376068,2115.5555555555557,1.9,0.57,1.0,1.0,0.0,0.0,41.75,0.0,31.730000000000004,31.730000000000004,Excess-dominated,Monitor excess — low financial impact
SKU_A02,Store_North,A,X,A/X,196.7479674796748,10230.89430894309,1.4,0.42,1.0,1.0,0.0,0.0,56.58333333333334,0.0,31.686666666666667,31.686666666666667,Excess-dominated,Monitor excess — low financial impact
SKU_A14,Store_East,A,X,A/X,76.65,3985.8,2.8,0.84,1.0,1.0,0.0,0.0,28.23717948717949,0.0,31.62564102564103,31.62564102564103,Excess-dominated,Monitor excess — low financial impact
SKU_C25,Store_Central,C,Z,C/Z,2.341666666666667,121.76666666666668,22.0,6.6,1.0,1.0,0.0,0.0,3.583333333333333,0.0,31.53333333333333,31.53333333333333,Excess-dominated,Reduce SS and ROP — trapped capital on low-value item
SKU_B12,Store_West,A,Y,A/Y,24.866666666666667,1293.0666666666666,3.9,1.17,1.0,1.0,0.0,0.0,20.12820512820513,0.0,31.400000000000006,31.400000000000006,Excess-dominated,Monitor excess — low financial impact
SKU_A14,Store_Central,A,X,A/X,123.075,6399.900000000001,2.8,0.84,1.0,1.0,0.0,0.0,28.01282051282051,0.0,31.374358974358973,31.374358974358973,Excess-dominated,Monitor excess — low financial impact
SKU_C12,Store_North,B,Z,B/Z,7.247863247863248,376.8888888888889,8.5,2.55,1.0,1.0,0.0,0.0,9.217948717948719,0.0,31.34102564102565,31.34102564102565,Excess-dominated,Monitor excess — low financial impact
SKU_B04,Store_East,A,Y,A/Y,49.376068376068375,2567.5555555555557,1.9,0.57,1.0,1.0,0.0,0.0,41.22435897435898,0.0,31.330512820512823,31.330512820512823,Excess-dominated,Monitor excess — low financial impact
SKU_B01,Store_North,A,X,A/X,103.88034188034187,5401.777777777777,1.6,0.48,1.0,1.0,0.0,0.0,48.82692307692308,0.0,31.249230769230778,31.249230769230778,Excess-dominated,Monitor excess — low financial impact
SKU_A14,Store_West,A,X,A/X,61.8,3213.6,2.8,0.84,1.0,1.0,0.0,0.0,27.788461538461533,0.0,31.12307692307692,31.12307692307692,Excess-dominated,Monitor excess — low financial impact
SKU_A05,Store_North,A,X,A/X,253.7560975609756,13195.317073170732,1.1,0.33,1.0,1.0,0.0,0.0,70.73076923076923,0.0,31.121538461538464,31.121538461538464,Excess-dominated,Monitor excess — low financial impact
SKU_B19,Store_South,A,Y,A/Y,25.2,1310.3999999999999,5.2,1.56,1.0,1.0,0.0,0.0,14.891025641025642,0.0,30.973333333333336,30.973333333333336,Excess-dominated,Monitor excess — low financial impact
SKU_A04,Store_West,A,X,A/X,73.9430894308943,3845.040650406504,1.85,0.56,1.0,1.0,0.0,0.0,41.83333333333333,0.0,30.956666666666667,30.956666666666667,Excess-dominated,Monitor excess — low financial impact
SKU_B12,Store_South,A,Y,A/Y,39.21666666666667,2039.2666666666669,3.9,1.17,1.0,1.0,0.0,0.0,19.782051282051285,0.0,30.860000000000003,30.860000000000003,Excess-dominated,Monitor excess — low financial impact
SKU_A13,Store_South,A,X,A/X,95.64166666666668,4973.366666666668,3.5,1.05,1.0,1.0,0.0,0.0,21.717948717948715,0.0,30.4051282051282,30.4051282051282,Excess-dominated,Monitor excess — low financial impact
SKU_B12,Store_East,A,Y,A/Y,32.24166666666667,1676.5666666666666,3.9,1.17,1.0,1.0,0.0,0.0,19.429487179487182,0.0,30.310000000000002,30.310000000000002,Excess-dominated,Monitor excess — low financial impact
SKU_C08,Store_Central,B,Z,B/Z,14.357723577235772,746.6016260162602,7.2,2.16,1.0,1.0,0.0,0.0,10.5,0.0,30.240000000000006,30.240000000000006,Excess-dominated,Monitor excess — low financial impact
SKU_B02,Store_West,A,Y,A/Y,52.085470085470085,2708.4444444444443,2.1,0.63,1.0,1.0,0.0,0.0,35.83333333333333,0.0,30.1,30.1,Excess-dominated,Monitor excess — low financial impact
SKU_B01,Store_Central,A,X,A/X,112.75213675213676,5863.111111111111,1.6,0.48,1.0,1.0,0.0,0.0,46.66666666666667,0.0,29.86666666666667,29.86666666666667,Excess-dominated,Monitor excess — low financial impact
SKU_C08,Store_West,B,Z,B/Z,6.902439024390244,358.9268292682927,7.2,2.16,1.0,1.0,0.0,0.0,10.339743589743591,0.0,29.778461538461546,29.778461538461546,Excess-dominated,Monitor excess — low financial impact
SKU_B01,Store_South,A,X,A/X,81.53846153846153,4240.0,1.6,0.48,1.0,1.0,0.0,0.0,46.49358974358974,0.0,29.755897435897438,29.755897435897438,Excess-dominated,Monitor excess — low financial impact
SKU_B14,Store_East,B,Y,B/Y,27.03418803418804,1405.777777777778,3.1,0.93,1.0,1.0,0.0,0.0,23.833333333333336,0.0,29.553333333333338,29.553333333333338,Excess-dominated,Monitor excess — low financial impact
SKU_B09,Store_Central,A,X,A/X,60.85,3164.2000000000003,3.5,1.05,1.0,1.0,0.0,0.0,21.102564102564102,0.0,29.54358974358975,29.54358974358975,Excess-dominated,Monitor excess — low financial impact
SKU_B16,Store_West,A,Y,A/Y,18.788617886178866,977.008130081301,3.8,1.14,1.0,1.0,0.0,0.0,19.320512820512818,0.0,29.367179487179484,29.367179487179484,Excess-dominated,Monitor excess — low financial impact
SKU_A04,Store_North,A,X,A/X,139.4878048780488,7253.365853658537,1.85,0.56,1.0,1.0,0.0,0.0,39.11538461538461,0.0,28.945384615384615,28.945384615384615,Excess-dominated,Monitor excess — low financial impact
SKU_A08,Store_West,A,X,A/X,129.6239316239316,6740.444444444443,0.85,0.26,1.0,1.0,0.0,0.0,84.51282051282053,0.0,28.734358974358983,28.734358974358983,Excess-dominated,Monitor excess — low financial impact
SKU_B20,Store_East,B,Y,B/Y,24.444444444444443,1271.111111111111,2.8,0.84,1.0,1.0,0.0,0.0,25.596153846153847,0.0,28.667692307692306,28.667692307692306,Excess-dominated,Monitor excess — low financial impact
SKU_A06,Store_West,A,X,A/X,119.88617886178862,6234.081300813008,0.9,0.27,1.0,1.0,0.0,0.0,79.16666666666666,0.0,28.5,28.5,Excess-dominated,Monitor excess — low financial impact
SKU_B14,Store_North,B,Y,B/Y,39.88034188034188,2073.777777777778,3.1,0.93,1.0,1.0,0.0,0.0,22.814102564102562,0.0,28.289487179487182,28.289487179487182,Excess-dominated,Monitor excess — low financial impact
SKU_B09,Store_East,A,X,A/X,35.083333333333336,1824.3333333333335,3.5,1.05,1.0,1.0,0.0,0.0,20.12820512820513,0.0,28.179487179487182,28.179487179487182,Excess-dominated,Monitor excess — low financial impact
SKU_A04,Store_Central,A,X,A/X,154.9918699186992,8059.577235772358,1.85,0.56,1.0,1.0,0.0,0.0,37.65384615384616,0.0,27.863846153846165,27.863846153846165,Excess-dominated,Monitor excess — low financial impact
SKU_C04,Store_North,B,Y,B/Y,21.094017094017094,1096.888888888889,4.5,1.35,1.0,1.0,0.0,0.0,15.42307692307692,0.0,27.761538461538454,27.761538461538454,Excess-dominated,Monitor excess — low financial impact
SKU_A02,Store_South,A,X,A/X,157.869918699187,8209.235772357724,1.4,0.42,1.0,1.0,0.0,0.0,49.55128205128206,0.0,27.748717948717953,27.748717948717953,Excess-dominated,Monitor excess — low financial impact
SKU_B14,Store_Central,B,Y,B/Y,43.30769230769231,2252.0,3.1,0.93,1.0,1.0,0.0,0.0,22.17307692307692,0.0,27.494615384615386,27.494615384615386,Excess-dominated,Monitor excess — low financial impact
SKU_B13,Store_North,B,Y,B/Y,47.69230769230769,2480.0,2.4,0.72,1.0,1.0,0.0,0.0,28.62820512820513,0.0,27.483076923076926,27.483076923076926,Excess-dominated,Monitor excess — low financial impact
SKU_A01,Store_South,A,X,A/X,182.39837398373984,9484.715447154473,1.25,0.38,1.0,1.0,0.0,0.0,54.91025641025641,0.0,27.455128205128204,27.455128205128204,Excess-dominated,Monitor excess — low financial impact
SKU_A05,Store_South,A,X,A/X,198.9918699186992,10347.577235772358,1.1,0.33,1.0,1.0,0.0,0.0,61.82692307692308,0.0,27.203846153846158,27.203846153846158,Excess-dominated,Monitor excess — low financial impact
SKU_A14,Store_South,A,X,A/X,88.74166666666666,4614.566666666667,2.8,0.84,1.0,1.0,0.0,0.0,24.22435897435897,0.0,27.131282051282046,27.131282051282046,Excess-dominated,Monitor excess — low financial impact
SKU_C19,Store_East,B,Z,B/Z,2.833333333333333,147.33333333333331,18.0,5.4,1.0,1.0,0.0,0.0,3.7628205128205128,0.0,27.092307692307692,27.092307692307692,Excess-dominated,Monitor excess — low financial impact
SKU_A14,Store_North,A,X,A/X,111.09166666666668,5776.766666666667,2.8,0.84,1.0,1.0,0.0,0.0,24.12179487179487,0.0,27.016410256410254,27.016410256410254,Excess-dominated,Monitor excess — low financial impact
SKU_C05,Store_West,B,Z,B/Z,8.034188034188034,417.77777777777777,6.2,1.86,1.0,1.0,0.0,0.0,10.878205128205128,0.0,26.977948717948717,26.977948717948717,Excess-dominated,Monitor excess — low financial impact
SKU_C24,Store_North,C,Z,C/Z,3.683760683760684,191.55555555555557,11.0,3.3,1.0,1.0,0.0,0.0,6.064102564102564,0.0,26.682051282051283,26.682051282051283,Excess-dominated,Reduce SS and ROP — trapped capital on low-value item
SKU_B16,Store_South,A,Y,A/Y,27.146341463414632,1411.6097560975609,3.8,1.14,1.0,1.0,0.0,0.0,17.44871794871795,0.0,26.52205128205128,26.52205128205128,Excess-dominated,Monitor excess — low financial impact
SKU_A04,Store_East,A,X,A/X,92.3821138211382,4803.869918699187,1.85,0.56,1.0,1.0,0.0,0.0,35.69871794871794,0.0,26.41705128205128,26.41705128205128,Excess-dominated,Monitor excess — low financial impact
SKU_B09,Store_South,A,X,A/X,40.583333333333336,2110.3333333333335,3.5,1.05,1.0,1.0,0.0,0.0,18.865384615384613,0.0,26.41153846153846,26.41153846153846,Excess-dominated,Monitor excess — low financial impact
SKU_C16,Store_North,B,Z,B/Z,8.811965811965813,458.2222222222223,7.2,2.16,1.0,1.0,0.0,0.0,9.166666666666668,0.0,26.400000000000006,26.400000000000006,Excess-dominated,Monitor excess — low financial impact
SKU_A08,Store_North,A,X,A/X,228.4102564102564,11877.333333333334,0.85,0.26,1.0,1.0,0.0,0.0,77.03205128205127,0.0,26.190897435897433,26.190897435897433,Excess-dominated,Monitor excess — low financial impact
SKU_B20,Store_North,B,Y,B/Y,36.68376068376068,1907.5555555555554,2.8,0.84,1.0,1.0,0.0,0.0,23.384615384615387,0.0,26.190769230769234,26.190769230769234,Excess-dominated,Monitor excess — low financial impact
SKU_A08,Store_Central,A,X,A/X,251.11111111111111,13057.777777777777,0.85,0.26,1.0,1.0,0.0,0.0,76.92307692307693,0.0,26.153846153846157,26.153846153846157,Excess-dominated,Monitor excess — low financial impact
SKU_B01,Store_West,A,X,A/X,54.965811965811966,2858.222222222222,1.6,0.48,1.0,1.0,0.0,0.0,40.858974358974365,0.0,26.149743589743593,26.149743589743593,Excess-dominated,Monitor excess — low financial impact
SKU_A06,Store_East,A,X,A/X,148.8211382113821,7738.699186991869,0.9,0.27,1.0,1.0,0.0,0.0,71.4551282051282,0.0,25.723846153846154,25.723846153846154,Excess-dominated,Monitor excess — low financial impact
SKU_C17,Store_North,C,Z,C/Z,4.615384615384615,239.99999999999997,9.5,2.85,1.0,1.0,0.0,0.0,6.717948717948717,0.0,25.528205128205126,25.528205128205126,Excess-dominated,Reduce SS and ROP — trapped capital on low-value item
SKU_C03,Store_West,B,Z,B/Z,8.83739837398374,459.5447154471545,5.8,1.74,1.0,1.0,0.0,0.0,10.826923076923077,0.0,25.11846153846154,25.11846153846154,Excess-dominated,Monitor excess — low financial impact
SKU_C19,Store_North,B,Z,B/Z,3.533333333333333,183.73333333333332,18.0,5.4,1.0,1.0,0.0,0.0,3.467948717948717,0.0,24.969230769230762,24.969230769230762,Excess-dominated,Monitor excess — low financial impact
SKU_C12,Store_Central,B,Z,B/Z,10.35897435897436,538.6666666666667,8.5,2.55,1.0,1.0,0.0,0.0,7.333333333333332,0.0,24.93333333333333,24.93333333333333,Excess-dominated,Monitor excess — low financial impact
SKU_C04,Store_Central,B,Y,B/Y,19.29059829059829,1003.1111111111111,4.5,1.35,1.0,1.0,0.0,0.0,13.833333333333332,0.0,24.9,24.9,Excess-dominated,Monitor excess — low financial impact
SKU_C05,Store_East,B,Z,B/Z,10.452991452991451,543.5555555555554,6.2,1.86,1.0,1.0,0.0,0.0,9.987179487179485,0.0,24.768205128205125,24.768205128205125,Excess-dominated,Monitor excess — low financial impact
SKU_A06,Store_Central,A,X,A/X,239.64227642276424,12461.39837398374,0.9,0.27,1.0,1.0,0.0,0.0,67.83333333333334,0.0,24.420000000000005,24.420000000000005,Excess-dominated,Monitor excess — low financial impact
SKU_C08,Store_East,B,Z,B/Z,7.390243902439025,384.2926829268293,7.2,2.16,1.0,1.0,0.0,0.0,8.435897435897434,0.0,24.295384615384613,24.295384615384613,Excess-dominated,Monitor excess — low financial impact
SKU_B05,Store_South,A,Y,A/Y,51.77235772357724,2692.162601626016,2.8,0.84,1.0,1.0,0.0,0.0,21.66025641025641,0.0,24.259487179487177,24.259487179487177,Excess-dominated,Monitor excess — low financial impact
SKU_C13,Store_South,B,Z,B/Z,6.783333333333333,352.73333333333335,11.0,3.3,1.0,1.0,0.0,0.0,5.487179487179487,0.0,24.143589743589743,24.143589743589743,Excess-dominated,Monitor excess — low financial impact
SKU_C25,Store_South,C,Z,C/Z,2.158333333333333,112.23333333333332,22.0,6.6,1.0,1.0,0.0,0.0,2.7435897435897436,0.0,24.143589743589743,24.143589743589743,Excess-dominated,Reduce SS and ROP — trapped capital on low-value item
SKU_B14,Store_South,B,Y,B/Y,30.45299145299145,1583.5555555555554,3.1,0.93,1.0,1.0,0.0,0.0,19.41025641025641,0.0,24.068717948717946,24.068717948717946,Excess-dominated,Monitor excess — low financial impact
SKU_C04,Store_West,B,Y,B/Y,9.786324786324789,508.888888888889,4.5,1.35,1.0,1.0,0.0,0.0,13.333333333333332,0.0,24.0,24.0,Excess-dominated,Monitor excess — low financial impact
SKU_C10,Store_East,B,Y,B/Y,8.52991452991453,443.55555555555554,5.5,1.65,1.0,1.0,0.0,0.0,10.647435897435898,0.0,23.424358974358977,23.424358974358977,Excess-dominated,Monitor excess — low financial impact
SKU_B14,Store_West,B,Y,B/Y,22.70940170940171,1180.888888888889,3.1,0.93,1.0,1.0,0.0,0.0,18.87820512820513,0.0,23.408974358974366,23.408974358974366,Excess-dominated,Monitor excess — low financial impact
SKU_C13,Store_West,B,Z,B/Z,4.208333333333333,218.83333333333331,11.0,3.3,1.0,1.0,0.0,0.0,5.262820512820513,0.0,23.156410256410258,23.156410256410258,Excess-dominated,Monitor excess — low financial impact
SKU_C19,Store_Central,B,Z,B/Z,4.783333333333333,248.73333333333332,18.0,5.4,1.0,1.0,0.0,0.0,3.2115384615384617,0.0,23.123076923076923,23.123076923076923,Excess-dominated,Monitor excess — low financial impact
SKU_A06,Store_North,A,X,A/X,215.6991869918699,11216.357723577235,0.9,0.27,1.0,1.0,0.0,0.0,63.74358974358975,0.0,22.94769230769231,22.94769230769231,Excess-dominated,Monitor excess — low financial impact
SKU_B08,Store_North,B,Y,B/Y,56.260162601626014,2925.528455284553,1.8,0.54,1.0,1.0,0.0,0.0,31.519230769230774,0.0,22.69384615384616,22.69384615384616,Excess-dominated,Monitor excess — low financial impact
SKU_C21,Store_East,C,Z,C/Z,3.097560975609756,161.0731707317073,8.9,2.67,1.0,1.0,0.0,0.0,6.346153846153847,0.0,22.5923076923077,22.5923076923077,Excess-dominated,Reduce SS and ROP — trapped capital on low-value item
SKU_B17,Store_North,B,Y,B/Y,29.98373983739837,1559.1544715447153,3.2,0.96,1.0,1.0,0.0,0.0,17.32692307692308,0.0,22.178461538461548,22.178461538461548,Excess-dominated,Monitor excess — low financial impact
SKU_C12,Store_South,B,Z,B/Z,6.871794871794871,357.3333333333333,8.5,2.55,1.0,1.0,0.0,0.0,6.442307692307693,0.0,21.90384615384616,21.90384615384616,Excess-dominated,Monitor excess — low financial impact
SKU_B13,Store_Central,B,Y,B/Y,59.376068376068375,3087.5555555555557,2.4,0.72,1.0,1.0,0.0,0.0,22.76282051282051,0.0,21.85230769230769,21.85230769230769,Excess-dominated,Monitor excess — low financial impact
SKU_C16,Store_Central,B,Z,B/Z,8.384615384615385,436.0,7.2,2.16,1.0,1.0,0.0,0.0,7.570512820512821,0.0,21.80307692307693,21.80307692307693,Excess-dominated,Monitor excess — low financial impact
SKU_C15,Store_North,C,Z,C/Z,6.065040650406504,315.3821138211382,6.8,2.04,1.0,1.0,0.0,0.0,7.820512820512821,0.0,21.271794871794874,21.271794871794874,Excess-dominated,Reduce SS and ROP — trapped capital on low-value item
SKU_A04,Store_South,A,X,A/X,106.76422764227642,5551.739837398374,1.85,0.56,1.0,1.0,0.0,0.0,28.621794871794876,0.0,21.180128205128213,21.180128205128213,Excess-dominated,Monitor excess — low financial impact
SKU_A10,Store_West,A,X,A/X,81.58974358974359,4242.666666666667,1.05,0.32,1.0,1.0,0.0,0.0,50.32692307692308,0.0,21.137307692307697,21.137307692307697,Excess-dominated,Monitor excess — low financial impact
SKU_C19,Store_South,B,Z,B/Z,2.9,150.79999999999998,18.0,5.4,1.0,1.0,0.0,0.0,2.8910256410256414,0.0,20.81538461538462,20.81538461538462,Excess-dominated,Monitor excess — low financial impact
SKU_C15,Store_South,C,Z,C/Z,5.016260162601626,260.8455284552846,6.8,2.04,1.0,1.0,0.0,0.0,7.628205128205128,0.0,20.74871794871795,20.74871794871795,Excess-dominated,Reduce SS and ROP — trapped capital on low-value item
SKU_B13,Store_South,B,Y,B/Y,42.01709401709402,2184.8888888888887,2.4,0.72,1.0,1.0,0.0,0.0,21.480769230769234,0.0,20.621538461538464,20.621538461538464,Excess-dominated,Monitor excess — low financial impact
SKU_C16,Store_West,B,Z,B/Z,4.094017094017094,212.88888888888886,7.2,2.16,1.0,1.0,0.0,0.0,7.089743589743591,0.0,20.418461538461543,20.418461538461543,Excess-dominated,Monitor excess — low financial impact
SKU_B08,Store_Central,B,Y,B/Y,59.260162601626014,3081.528455284553,1.8,0.54,1.0,1.0,0.0,0.0,28.256410256410255,0.0,20.344615384615384,20.344615384615384,Excess-dominated,Monitor excess — low financial impact
SKU_C16,Store_East,B,Z,B/Z,4.658119658119658,242.2222222222222,7.2,2.16,1.0,1.0,0.0,0.0,6.948717948717949,0.0,20.012307692307694,20.012307692307694,Excess-dominated,Monitor excess — low financial impact
SKU_B16,Store_East,A,Y,A/Y,21.869918699187,1137.235772357724,3.8,1.14,1.0,1.0,0.0,0.0,12.916666666666664,0.0,19.63333333333333,19.63333333333333,Excess-dominated,Monitor excess — low financial impact
SKU_C15,Store_East,C,Z,C/Z,5.211382113821138,270.9918699186992,6.8,2.04,1.0,1.0,0.0,0.0,7.166666666666666,0.0,19.493333333333332,19.493333333333332,Excess-dominated,Reduce SS and ROP — trapped capital on low-value item
SKU_B13,Store_East,B,Y,B/Y,35.5982905982906,1851.1111111111113,2.4,0.72,1.0,1.0,0.0,0.0,20.166666666666664,0.0,19.36,19.36,Excess-dominated,Monitor excess — low financial impact
SKU_B13,Store_West,B,Y,B/Y,26.07692307692308,1356.0000000000002,2.4,0.72,1.0,1.0,0.0,0.0,20.08974358974359,0.0,19.286153846153848,19.286153846153848,Excess-dominated,Monitor excess — low financial impact
SKU_A08,Store_South,A,X,A/X,184.5897435897436,9598.666666666666,0.85,0.26,1.0,1.0,0.0,0.0,56.69230769230768,0.0,19.27538461538461,19.27538461538461,Excess-dominated,Monitor excess — low financial impact
SKU_C13,Store_East,B,Z,B/Z,4.908333333333333,255.23333333333332,11.0,3.3,1.0,1.0,0.0,0.0,4.378205128205128,0.0,19.264102564102565,19.264102564102565,Excess-dominated,Monitor excess — low financial impact
SKU_A10,Store_East,A,X,A/X,102.55555555555556,5332.888888888889,1.05,0.32,1.0,1.0,0.0,0.0,45.69871794871794,0.0,19.193461538461538,19.193461538461538,Excess-dominated,Monitor excess — low financial impact
SKU_A06,Store_South,A,X,A/X,174.8211382113821,9090.69918699187,0.9,0.27,1.0,1.0,0.0,0.0,53.032051282051285,0.0,19.091538461538462,19.091538461538462,Excess-dominated,Monitor excess — low financial impact
SKU_C04,Store_East,B,Y,B/Y,14.17094017094017,736.8888888888889,4.5,1.35,1.0,1.0,0.0,0.0,10.551282051282051,0.0,18.99230769230769,18.99230769230769,Excess-dominated,Monitor excess — low financial impact
SKU_C10,Store_Central,B,Y,B/Y,14.41025641025641,749.3333333333334,5.5,1.65,1.0,1.0,0.0,0.0,8.608974358974358,0.0,18.939743589743586,18.939743589743586,Excess-dominated,Monitor excess — low financial impact
SKU_C10,Store_North,B,Y,B/Y,12.52991452991453,651.5555555555555,5.5,1.65,1.0,1.0,0.0,0.0,8.589743589743591,0.0,18.8974358974359,18.8974358974359,Excess-dominated,Monitor excess — low financial impact
SKU_C10,Store_South,B,Y,B/Y,11.136752136752136,579.1111111111111,5.5,1.65,1.0,1.0,0.0,0.0,8.493589743589745,0.0,18.685897435897438,18.685897435897438,Excess-dominated,Monitor excess — low financial impact
SKU_B17,Store_West,B,Y,B/Y,18.463414634146343,960.0975609756098,3.2,0.96,1.0,1.0,0.0,0.0,14.46153846153846,0.0,18.51076923076923,18.51076923076923,Excess-dominated,Monitor excess — low financial impact
SKU_C10,Store_West,B,Y,B/Y,7.410256410256411,385.33333333333337,5.5,1.65,1.0,1.0,0.0,0.0,8.391025641025642,0.0,18.460256410256417,18.460256410256417,Excess-dominated,Monitor excess — low financial impact
SKU_C04,Store_South,B,Y,B/Y,15.47863247863248,804.888888888889,4.5,1.35,1.0,1.0,0.0,0.0,10.23076923076923,0.0,18.415384615384614,18.415384615384614,Excess-dominated,Monitor excess — low financial impact
SKU_C20,Store_North,C,Z,C/Z,3.8,197.6,14.0,4.2,1.0,1.0,0.0,0.0,3.217948717948717,0.0,18.020512820512817,18.020512820512817,Excess-dominated,Reduce SS and ROP — trapped capital on low-value item
SKU_B08,Store_West,B,Y,B/Y,32.447154471544714,1687.2520325203252,1.8,0.54,1.0,1.0,0.0,0.0,24.980769230769234,0.0,17.98615384615385,17.98615384615385,Excess-dominated,Monitor excess — low financial impact
SKU_C21,Store_West,C,Z,C/Z,2.6178861788617884,136.130081300813,8.9,2.67,1.0,1.0,0.0,0.0,4.961538461538462,0.0,17.663076923076925,17.663076923076925,Excess-dominated,Reduce SS and ROP — trapped capital on low-value item
SKU_B17,Store_East,B,Y,B/Y,22.0,1144.0,3.2,0.96,1.0,1.0,0.0,0.0,13.608974358974358,0.0,17.41948717948718,17.41948717948718,Excess-dominated,Monitor excess — low financial impact
SKU_C20,Store_Central,C,Z,C/Z,3.775,196.29999999999998,14.0,4.2,1.0,1.0,0.0,0.0,3.064102564102564,0.0,17.15897435897436,17.15897435897436,Excess-dominated,Reduce SS and ROP — trapped capital on low-value item
SKU_C21,Store_North,C,Z,C/Z,6.430894308943089,334.4065040650406,8.9,2.67,1.0,1.0,0.0,0.0,4.807692307692308,0.0,17.11538461538462,17.11538461538462,Excess-dominated,Reduce SS and ROP — trapped capital on low-value item
SKU_B18,Store_Central,B,Y,B/Y,36.1219512195122,1878.3414634146343,2.1,0.63,1.0,1.0,0.0,0.0,20.37179487179487,0.0,17.11230769230769,17.11230769230769,Excess-dominated,Monitor excess — low financial impact
SKU_B18,Store_West,B,Y,B/Y,17.11382113821138,889.9186991869918,2.1,0.63,1.0,1.0,0.0,0.0,19.769230769230766,0.0,16.606153846153845,16.606153846153845,Excess-dominated,Monitor excess — low financial impact
SKU_C20,Store_East,C,Z,C/Z,2.283333333333333,118.73333333333332,14.0,4.2,1.0,1.0,0.0,0.0,2.9615384615384617,0.0,16.584615384615386,16.584615384615386,Excess-dominated,Reduce SS and ROP — trapped capital on low-value item
SKU_B17,Store_South,B,Y,B/Y,26.479674796747968,1376.9430894308944,3.2,0.96,1.0,1.0,0.0,0.0,12.948717948717949,0.0,16.574358974358976,16.574358974358976,Excess-dominated,Monitor excess — low financial impact
SKU_C15,Store_Central,C,Z,C/Z,8.94308943089431,465.0406504065041,6.8,2.04,1.0,1.0,0.0,0.0,6.089743589743589,0.0,16.564102564102566,16.564102564102566,Excess-dominated,Reduce SS and ROP — trapped capital on low-value item
SKU_B17,Store_Central,B,Y,B/Y,33.9349593495935,1764.617886178862,3.2,0.96,1.0,1.0,0.0,0.0,12.846153846153847,0.0,16.443076923076926,16.443076923076926,Excess-dominated,Monitor excess — low financial impact
SKU_A10,Store_Central,A,X,A/X,167.87179487179486,8729.333333333332,1.05,0.32,1.0,1.0,0.0,0.0,39.128205128205124,0.0,16.433846153846154,16.433846153846154,Excess-dominated,Monitor excess — low financial impact
SKU_C21,Store_Central,C,Z,C/Z,4.878048780487805,253.65853658536585,8.9,2.67,1.0,1.0,0.0,0.0,4.564102564102564,0.0,16.24820512820513,16.24820512820513,Excess-dominated,Reduce SS and ROP — trapped capital on low-value item
SKU_B08,Store_East,B,Y,B/Y,39.2520325203252,2041.1056910569105,1.8,0.54,1.0,1.0,0.0,0.0,22.19871794871795,0.0,15.983076923076926,15.983076923076926,Excess-dominated,Monitor excess — low financial impact
SKU_B18,Store_South,B,Y,B/Y,24.42276422764228,1269.9837398373986,2.1,0.63,1.0,1.0,0.0,0.0,19.02564102564103,0.0,15.981538461538467,15.981538461538467,Excess-dominated,Monitor excess — low financial impact
SKU_A10,Store_North,A,X,A/X,152.45299145299143,7927.555555555554,1.05,0.32,1.0,1.0,0.0,0.0,38.00641025641026,0.0,15.962692307692311,15.962692307692311,Excess-dominated,Monitor excess — low financial impact
SKU_A10,Store_South,A,X,A/X,118.93162393162392,6184.444444444443,1.05,0.32,1.0,1.0,0.0,0.0,37.38461538461539,0.0,15.701538461538462,15.701538461538462,Excess-dominated,Monitor excess — low financial impact
SKU_C16,Store_South,B,Z,B/Z,5.666666666666667,294.6666666666667,7.2,2.16,1.0,1.0,0.0,0.0,5.403846153846153,0.0,15.563076923076924,15.563076923076924,Excess-dominated,Monitor excess — low financial impact
SKU_B20,Store_West,B,Y,B/Y,21.102564102564106,1097.3333333333335,2.8,0.84,1.0,1.0,0.0,0.0,13.67307692307692,0.0,15.31384615384615,15.31384615384615,Excess-dominated,Monitor excess — low financial impact
SKU_C25,Store_East,C,Z,C/Z,1.7416666666666667,90.56666666666666,22.0,6.6,1.0,1.0,0.0,0.0,1.717948717948718,0.0,15.11794871794872,15.11794871794872,Excess-dominated,Reduce SS and ROP — trapped capital on low-value item
SKU_C20,Store_South,C,Z,C/Z,2.925,152.1,14.0,4.2,1.0,1.0,0.0,0.0,2.634615384615385,0.0,14.753846153846155,14.753846153846155,Excess-dominated,Reduce SS and ROP — trapped capital on low-value item
SKU_B18,Store_North,B,Y,B/Y,30.479674796747968,1584.9430894308944,2.1,0.63,1.0,1.0,0.0,0.0,17.33974358974359,0.0,14.565384615384616,14.565384615384616,Excess-dominated,Monitor excess — low financial impact
SKU_B08,Store_South,B,Y,B/Y,48.75609756097561,2535.317073170732,1.8,0.54,1.0,1.0,0.0,0.0,20.22435897435897,0.0,14.56153846153846,14.56153846153846,Excess-dominated,Monitor excess — low financial impact
SKU_C11,Store_North,C,Z,C/Z,9.46341463414634,492.09756097560967,4.9,1.47,1.0,1.0,0.0,0.0,7.410256410256409,0.0,14.524102564102563,14.524102564102563,Excess-dominated,Reduce SS and ROP — trapped capital on low-value item
SKU_C24,Store_East,C,Z,C/Z,3.1709401709401708,164.88888888888889,11.0,3.3,1.0,1.0,0.0,0.0,3.282051282051283,0.0,14.441025641025645,14.441025641025645,Excess-dominated,Reduce SS and ROP — trapped capital on low-value item
SKU_B18,Store_East,B,Y,B/Y,21.016260162601625,1092.8455284552845,2.1,0.63,1.0,1.0,0.0,0.0,17.057692307692307,0.0,14.32846153846154,14.32846153846154,Excess-dominated,Monitor excess — low financial impact
SKU_C17,Store_South,C,Z,C/Z,4.606837606837607,239.55555555555557,9.5,2.85,1.0,1.0,0.0,0.0,3.7243589743589745,0.0,14.152564102564103,14.152564102564103,Excess-dominated,Reduce SS and ROP — trapped capital on low-value item
SKU_B20,Store_South,B,Y,B/Y,31.39316239316239,1632.4444444444443,2.8,0.84,1.0,1.0,0.0,0.0,12.378205128205131,0.0,13.863589743589745,13.863589743589745,Excess-dominated,Monitor excess — low financial impact
SKU_C23,Store_North,C,Z,C/Z,5.957264957264957,309.77777777777777,6.1,1.83,1.0,1.0,0.0,0.0,5.647435897435898,0.0,13.779743589743589,13.779743589743589,Excess-dominated,Reduce SS and ROP — trapped capital on low-value item
SKU_C11,Store_Central,C,Z,C/Z,10.959349593495936,569.8861788617887,4.9,1.47,1.0,1.0,0.0,0.0,6.551282051282051,0.0,12.840512820512823,12.840512820512823,Excess-dominated,Reduce SS and ROP — trapped capital on low-value item
SKU_C20,Store_West,C,Z,C/Z,2.425,126.1,14.0,4.2,1.0,1.0,0.0,0.0,2.2756410256410255,0.0,12.743589743589745,12.743589743589745,Excess-dominated,Reduce SS and ROP — trapped capital on low-value item
SKU_C17,Store_East,C,Z,C/Z,3.786324786324786,196.88888888888889,9.5,2.85,1.0,1.0,0.0,0.0,3.3397435897435894,0.0,12.69102564102564,12.69102564102564,Excess-dominated,Reduce SS and ROP — trapped capital on low-value item
SKU_C15,Store_West,C,Z,C/Z,3.8536585365853657,200.390243902439,6.8,2.04,1.0,1.0,0.0,0.0,4.532051282051283,0.0,12.32717948717949,12.32717948717949,Excess-dominated,Reduce SS and ROP — trapped capital on low-value item
SKU_C24,Store_South,C,Z,C/Z,3.213675213675214,167.11111111111111,11.0,3.3,1.0,1.0,0.0,0.0,2.7243589743589745,0.0,11.987179487179489,11.987179487179489,Excess-dominated,Reduce SS and ROP — trapped capital on low-value item
SKU_C23,Store_Central,C,Z,C/Z,8.376068376068377,435.5555555555556,6.1,1.83,1.0,1.0,0.0,0.0,4.839743589743589,0.0,11.808974358974359,11.808974358974359,Excess-dominated,Reduce SS and ROP — trapped capital on low-value item
SKU_C11,Store_West,C,Z,C/Z,4.487804878048781,233.3658536585366,4.9,1.47,1.0,1.0,0.0,0.0,5.8589743589743595,0.0,11.483589743589746,11.483589743589746,Excess-dominated,Reduce SS and ROP — trapped capital on low-value item
SKU_C17,Store_Central,C,Z,C/Z,6.811965811965812,354.22222222222223,9.5,2.85,1.0,1.0,0.0,0.0,2.967948717948717,0.0,11.278205128205126,11.278205128205126,Excess-dominated,Reduce SS and ROP — trapped capital on low-value item
SKU_C22,Store_North,C,Z,C/Z,6.357723577235772,330.6016260162601,5.5,1.65,1.0,1.0,0.0,0.0,5.102564102564102,0.0,11.225641025641025,11.225641025641025,Excess-dominated,Reduce SS and ROP — trapped capital on low-value item
SKU_C22,Store_Central,C,Z,C/Z,7.7560975609756095,403.3170731707317,5.5,1.65,1.0,1.0,0.0,0.0,5.064102564102564,0.0,11.141025641025642,11.141025641025642,Excess-dominated,Reduce SS and ROP — trapped capital on low-value item
SKU_C24,Store_Central,C,Z,C/Z,3.6666666666666665,190.66666666666666,11.0,3.3,1.0,1.0,0.0,0.0,2.5064102564102564,0.0,11.02820512820513,11.02820512820513,Excess-dominated,Reduce SS and ROP — trapped capital on low-value item
SKU_C11,Store_South,C,Z,C/Z,5.934959349593496,308.6178861788618,4.9,1.47,1.0,1.0,0.0,0.0,5.596153846153847,0.0,10.96846153846154,10.96846153846154,Excess-dominated,Reduce SS and ROP — trapped capital on low-value item
SKU_C17,Store_West,C,Z,C/Z,3.0,156.0,9.5,2.85,1.0,1.0,0.0,0.0,2.7628205128205128,0.0,10.49871794871795,10.49871794871795,Excess-dominated,Reduce SS and ROP — trapped capital on low-value item
SKU_C11,Store_East,C,Z,C/Z,5.699186991869919,296.3577235772358,4.9,1.47,1.0,1.0,0.0,0.0,5.25,0.0,10.290000000000001,10.290000000000001,Excess-dominated,Reduce SS and ROP — trapped capital on low-value item
SKU_C09,Store_Central,C,Y,C/Y,12.24390243902439,636.6829268292684,3.8,1.14,1.0,1.0,0.0,0.0,6.589743589743591,0.0,10.016410256410259,10.016410256410259,Excess-dominated,Reduce SS and ROP — trapped capital on low-value item
SKU_C22,Store_West,C,Z,C/Z,3.130081300813008,162.7642276422764,5.5,1.65,1.0,1.0,0.0,0.0,4.448717948717949,0.0,9.787179487179488,9.787179487179488,Excess-dominated,Reduce SS and ROP — trapped capital on low-value item
SKU_C22,Store_East,C,Z,C/Z,4.260162601626016,221.52845528455282,5.5,1.65,1.0,1.0,0.0,0.0,4.384615384615385,0.0,9.646153846153847,9.646153846153847,Excess-dominated,Reduce SS and ROP — trapped capital on low-value item
SKU_C21,Store_South,C,Z,C/Z,3.16260162601626,164.45528455284554,8.9,2.67,1.0,1.0,0.0,0.0,2.6410256410256414,0.0,9.402051282051284,9.402051282051284,Excess-dominated,Reduce SS and ROP — trapped capital on low-value item
SKU_C09,Store_East,C,Y,C/Y,8.284552845528456,430.7967479674797,3.8,1.14,1.0,1.0,0.0,0.0,6.089743589743589,0.0,9.256410256410255,9.256410256410255,Excess-dominated,Reduce SS and ROP — trapped capital on low-value item
SKU_C09,Store_South,C,Y,C/Y,8.479674796747968,440.94308943089436,3.8,1.14,1.0,1.0,0.0,0.0,6.0,0.0,9.12,9.12,Excess-dominated,Reduce SS and ROP — trapped capital on low-value item
SKU_C23,Store_East,C,Z,C/Z,3.9743589743589753,206.6666666666667,6.1,1.83,1.0,1.0,0.0,0.0,3.666666666666666,0.0,8.946666666666664,8.946666666666664,Excess-dominated,Reduce SS and ROP — trapped capital on low-value item
SKU_C23,Store_South,C,Z,C/Z,5.051282051282051,262.66666666666663,6.1,1.83,1.0,1.0,0.0,0.0,3.5576923076923084,0.0,8.680769230769233,8.680769230769233,Excess-dominated,Reduce SS and ROP — trapped capital on low-value item
SKU_C09,Store_North,C,Y,C/Y,9.560975609756095,497.170731707317,3.8,1.14,1.0,1.0,0.0,0.0,5.512820512820513,0.0,8.37948717948718,8.37948717948718,Excess-dominated,Reduce SS and ROP — trapped capital on low-value item
SKU_C24,Store_West,C,Z,C/Z,1.8803418803418803,97.77777777777777,11.0,3.3,1.0,1.0,0.0,0.0,1.9038461538461542,0.0,8.37692307692308,8.37692307692308,Excess-dominated,Reduce SS and ROP — trapped capital on low-value item
SKU_C18,Store_West,C,Z,C/Z,3.4878048780487805,181.3658536585366,4.2,1.26,1.0,1.0,0.0,0.0,4.903846153846153,0.0,8.238461538461538,8.238461538461538,Excess-dominated,Reduce SS and ROP — trapped capital on low-value item
SKU_C22,Store_South,C,Z,C/Z,5.772357723577236,300.1626016260163,5.5,1.65,1.0,1.0,0.0,0.0,3.5448717948717956,0.0,7.79871794871795,7.79871794871795,Excess-dominated,Reduce SS and ROP — trapped capital on low-value item
SKU_C18,Store_North,C,Z,C/Z,6.0,312.0,4.2,1.26,1.0,1.0,0.0,0.0,4.435897435897436,0.0,7.452307692307693,7.452307692307693,Excess-dominated,Reduce SS and ROP — trapped capital on low-value item
SKU_C09,Store_West,C,Y,C/Y,6.894308943089431,358.5040650406504,3.8,1.14,1.0,1.0,0.0,0.0,4.5,0.0,6.84,6.84,Excess-dominated,Reduce SS and ROP — trapped capital on low-value item
SKU_C23,Store_West,C,Z,C/Z,3.017094017094017,156.88888888888889,6.1,1.83,1.0,1.0,0.0,0.0,2.2628205128205128,0.0,5.521282051282051,5.521282051282051,Excess-dominated,Reduce SS and ROP — trapped capital on low-value item
SKU_C18,Store_East,C,Z,C/Z,3.398373983739837,176.71544715447152,4.2,1.26,1.0,1.0,0.0,0.0,3.2371794871794872,0.0,5.438461538461539,5.438461538461539,Excess-dominated,Reduce SS and ROP — trapped capital on low-value item
SKU_C18,Store_South,C,Z,C/Z,3.991869918699187,207.5772357723577,4.2,1.26,1.0,1.0,0.0,0.0,3.2115384615384617,0.0,5.395384615384616,5.395384615384616,Excess-dominated,Reduce SS and ROP — trapped capital on low-value item
SKU_C18,Store_Central,C,Z,C/Z,5.959349593495935,309.8861788617886,4.2,1.26,1.0,1.0,0.0,0.0,3.185897435897436,0.0,5.3523076923076935,5.3523076923076935,Excess-dominated,Reduce SS and ROP — trapped capital on low-value item
